Datetime,300037920 (Lütkenbecker Str.),353413813 (Lütkenbecker Str. [Bike Stadteinwärts]),353413814 (Lütkenbecker Str. [Bike Stadtauswärts]),300037920-status,353413813-status,353413814-status
2024-12-01 00:00,5,1,4,0,0,0
2024-12-01 00:15,7,0,7,0,0,0
2024-12-01 00:30,6,0,6,0,0,0
2024-12-01 00:45,8,4,4,0,0,0
2024-12-01 01:00,5,2,3,0,0,0
2024-12-01 01:15,11,2,9,0,0,0
2024-12-01 01:30,5,2,3,0,0,0
2024-12-01 01:45,4,1,3,0,0,0
2024-12-01 02:00,7,0,7,0,0,0
2024-12-01 02:15,1,1,0,0,0,0
2024-12-01 02:30,8,2,6,0,0,0
2024-12-01 02:45,3,2,1,0,0,0
2024-12-01 03:00,7,2,5,0,0,0
2024-12-01 03:15,1,0,1,0,0,0
2024-12-01 03:30,6,4,2,0,0,0
2024-12-01 03:45,14,14,0,0,0,0
2024-12-01 04:00,0,0,0,0,0,0
2024-12-01 04:15,1,0,1,0,0,0
2024-12-01 04:30,0,0,0,0,0,0
2024-12-01 04:45,1,0,1,0,0,0
2024-12-01 05:00,3,1,2,0,0,0
2024-12-01 05:15,3,1,2,0,0,0
2024-12-01 05:30,0,0,0,0,0,0
2024-12-01 05:45,4,4,0,0,0,0
2024-12-01 06:00,2,0,2,0,0,0
2024-12-01 06:15,4,1,3,0,0,0
2024-12-01 06:30,1,1,0,0,0,0
2024-12-01 06:45,1,0,1,0,0,0
2024-12-01 07:00,5,1,4,0,0,0
2024-12-01 07:15,0,0,0,0,0,0
2024-12-01 07:30,6,4,2,0,0,0
2024-12-01 07:45,3,3,0,0,0,0
2024-12-01 08:00,1,0,1,0,0,0
2024-12-01 08:15,5,2,3,0,0,0
2024-12-01 08:30,6,4,2,0,0,0
2024-12-01 08:45,9,5,4,0,0,0
2024-12-01 09:00,8,4,4,0,0,0
2024-12-01 09:15,8,4,4,0,0,0
2024-12-01 09:30,12,8,4,0,0,0
2024-12-01 09:45,19,12,7,0,0,0
2024-12-01 10:00,16,7,9,0,0,0
2024-12-01 10:15,19,12,7,0,0,0
2024-12-01 10:30,28,4,24,0,0,0
2024-12-01 10:45,23,9,14,0,0,0
2024-12-01 11:00,16,6,10,0,0,0
2024-12-01 11:15,20,6,14,0,0,0
2024-12-01 11:30,18,12,6,0,0,0
2024-12-01 11:45,19,9,10,0,0,0
2024-12-01 12:00,32,12,20,0,0,0
2024-12-01 12:15,39,28,11,0,0,0
2024-12-01 12:30,25,13,12,0,0,0
2024-12-01 12:45,28,14,14,0,0,0
2024-12-01 13:00,32,12,20,0,0,0
2024-12-01 13:15,38,23,15,0,0,0
2024-12-01 13:30,31,14,17,0,0,0
2024-12-01 13:45,39,19,20,0,0,0
2024-12-01 14:00,51,28,23,0,0,0
2024-12-01 14:15,53,28,25,0,0,0
2024-12-01 14:30,55,40,15,0,0,0
2024-12-01 14:45,44,22,22,0,0,0
2024-12-01 15:00,34,11,23,0,0,0
2024-12-01 15:15,57,22,35,0,0,0
2024-12-01 15:30,37,22,15,0,0,0
2024-12-01 15:45,21,15,6,0,0,0
2024-12-01 16:00,28,16,12,0,0,0
2024-12-01 16:15,51,25,26,0,0,0
2024-12-01 16:30,30,19,11,0,0,0
2024-12-01 16:45,37,29,8,0,0,0
2024-12-01 17:00,29,11,18,0,0,0
2024-12-01 17:15,26,11,15,0,0,0
2024-12-01 17:30,35,25,10,0,0,0
2024-12-01 17:45,26,14,12,0,0,0
2024-12-01 18:00,21,8,13,0,0,0
2024-12-01 18:15,19,8,11,0,0,0
2024-12-01 18:30,16,3,13,0,0,0
2024-12-01 18:45,34,9,25,0,0,0
2024-12-01 19:00,22,6,16,0,0,0
2024-12-01 19:15,18,5,13,0,0,0
2024-12-01 19:30,17,5,12,0,0,0
2024-12-01 19:45,9,2,7,0,0,0
2024-12-01 20:00,15,3,12,0,0,0
2024-12-01 20:15,8,1,7,0,0,0
2024-12-01 20:30,12,6,6,0,0,0
2024-12-01 20:45,16,5,11,0,0,0
2024-12-01 21:00,14,6,8,0,0,0
2024-12-01 21:15,9,2,7,0,0,0
2024-12-01 21:30,8,1,7,0,0,0
2024-12-01 21:45,10,2,8,0,0,0
2024-12-01 22:00,3,0,3,0,0,0
2024-12-01 22:15,8,1,7,0,0,0
2024-12-01 22:30,4,1,3,0,0,0
2024-12-01 22:45,2,0,2,0,0,0
2024-12-01 23:00,2,2,0,0,0,0
2024-12-01 23:15,3,0,3,0,0,0
2024-12-01 23:30,1,1,0,0,0,0
2024-12-01 23:45,3,3,0,0,0,0
2024-12-02 00:00,2,1,1,0,0,0
2024-12-02 00:15,0,0,0,0,0,0
2024-12-02 00:30,0,0,0,0,0,0
2024-12-02 00:45,2,2,0,0,0,0
2024-12-02 01:00,0,0,0,0,0,0
2024-12-02 01:15,0,0,0,0,0,0
2024-12-02 01:30,0,0,0,0,0,0
2024-12-02 01:45,0,0,0,0,0,0
2024-12-02 02:00,0,0,0,0,0,0
2024-12-02 02:15,2,2,0,0,0,0
2024-12-02 02:30,0,0,0,0,0,0
2024-12-02 02:45,1,0,1,0,0,0
2024-12-02 03:00,1,1,0,0,0,0
2024-12-02 03:15,0,0,0,0,0,0
2024-12-02 03:30,0,0,0,0,0,0
2024-12-02 03:45,0,0,0,0,0,0
2024-12-02 04:00,0,0,0,0,0,0
2024-12-02 04:15,1,1,0,0,0,0
2024-12-02 04:30,3,2,1,0,0,0
2024-12-02 04:45,4,1,3,0,0,0
2024-12-02 05:00,10,2,8,0,0,0
2024-12-02 05:15,9,2,7,0,0,0
2024-12-02 05:30,21,12,9,0,0,0
2024-12-02 05:45,20,8,12,0,0,0
2024-12-02 06:00,16,6,10,0,0,0
2024-12-02 06:15,23,16,7,0,0,0
2024-12-02 06:30,38,19,19,0,0,0
2024-12-02 06:45,66,42,24,0,0,0
2024-12-02 07:00,62,45,17,0,0,0
2024-12-02 07:15,139,108,31,0,0,0
2024-12-02 07:30,244,201,43,0,0,0
2024-12-02 07:45,199,155,44,0,0,0
2024-12-02 08:00,115,80,35,0,0,0
2024-12-02 08:15,92,64,28,0,0,0
2024-12-02 08:30,88,57,31,0,0,0
2024-12-02 08:45,82,62,20,0,0,0
2024-12-02 09:00,35,18,17,0,0,0
2024-12-02 09:15,38,31,7,0,0,0
2024-12-02 09:30,60,36,24,0,0,0
2024-12-02 09:45,38,26,12,0,0,0
2024-12-02 10:00,49,24,25,0,0,0
2024-12-02 10:15,38,25,13,0,0,0
2024-12-02 10:30,27,14,13,0,0,0
2024-12-02 10:45,51,32,19,0,0,0
2024-12-02 11:00,31,22,9,0,0,0
2024-12-02 11:15,29,14,15,0,0,0
2024-12-02 11:30,40,11,29,0,0,0
2024-12-02 11:45,43,16,27,0,0,0
2024-12-02 12:00,41,19,22,0,0,0
2024-12-02 12:15,41,18,23,0,0,0
2024-12-02 12:30,26,4,22,0,0,0
2024-12-02 12:45,39,9,30,0,0,0
2024-12-02 13:00,43,14,29,0,0,0
2024-12-02 13:15,48,12,36,0,0,0
2024-12-02 13:30,48,15,33,0,0,0
2024-12-02 13:45,51,20,31,0,0,0
2024-12-02 14:00,62,23,39,0,0,0
2024-12-02 14:15,68,23,45,0,0,0
2024-12-02 14:30,78,27,51,0,0,0
2024-12-02 14:45,86,45,41,0,0,0
2024-12-02 15:00,80,28,52,0,0,0
2024-12-02 15:15,77,30,47,0,0,0
2024-12-02 15:30,63,19,44,0,0,0
2024-12-02 15:45,146,37,109,0,0,0
2024-12-02 16:00,111,24,87,0,0,0
2024-12-02 16:15,74,40,34,0,0,0
2024-12-02 16:30,79,26,53,0,0,0
2024-12-02 16:45,94,32,62,0,0,0
2024-12-02 17:00,87,38,49,0,0,0
2024-12-02 17:15,78,34,44,0,0,0
2024-12-02 17:30,74,26,48,0,0,0
2024-12-02 17:45,69,36,33,0,0,0
2024-12-02 18:00,61,23,38,0,0,0
2024-12-02 18:15,81,25,56,0,0,0
2024-12-02 18:30,38,12,26,0,0,0
2024-12-02 18:45,44,22,22,0,0,0
2024-12-02 19:00,44,9,35,0,0,0
2024-12-02 19:15,33,14,19,0,0,0
2024-12-02 19:30,42,17,25,0,0,0
2024-12-02 19:45,28,13,15,0,0,0
2024-12-02 20:00,23,8,15,0,0,0
2024-12-02 20:15,28,5,23,0,0,0
2024-12-02 20:30,21,2,19,0,0,0
2024-12-02 20:45,13,4,9,0,0,0
2024-12-02 21:00,16,6,10,0,0,0
2024-12-02 21:15,20,6,14,0,0,0
2024-12-02 21:30,11,2,9,0,0,0
2024-12-02 21:45,13,4,9,0,0,0
2024-12-02 22:00,7,3,4,0,0,0
2024-12-02 22:15,10,3,7,0,0,0
2024-12-02 22:30,14,8,6,0,0,0
2024-12-02 22:45,10,2,8,0,0,0
2024-12-02 23:00,10,3,7,0,0,0
2024-12-02 23:15,6,2,4,0,0,0
2024-12-02 23:30,5,3,2,0,0,0
2024-12-02 23:45,9,2,7,0,0,0
2024-12-03 00:00,3,1,2,0,0,0
2024-12-03 00:15,2,0,2,0,0,0
2024-12-03 00:30,2,0,2,0,0,0
2024-12-03 00:45,4,4,0,0,0,0
2024-12-03 01:00,0,0,0,0,0,0
2024-12-03 01:15,0,0,0,0,0,0
2024-12-03 01:30,0,0,0,0,0,0
2024-12-03 01:45,2,2,0,0,0,0
2024-12-03 02:00,0,0,0,0,0,0
2024-12-03 02:15,0,0,0,0,0,0
2024-12-03 02:30,1,1,0,0,0,0
2024-12-03 02:45,1,1,0,0,0,0
2024-12-03 03:00,0,0,0,0,0,0
2024-12-03 03:15,0,0,0,0,0,0
2024-12-03 03:30,0,0,0,0,0,0
2024-12-03 03:45,3,3,0,0,0,0
2024-12-03 04:00,0,0,0,0,0,0
2024-12-03 04:15,2,1,1,0,0,0
2024-12-03 04:30,1,0,1,0,0,0
2024-12-03 04:45,3,0,3,0,0,0
2024-12-03 05:00,7,1,6,0,0,0
2024-12-03 05:15,10,5,5,0,0,0
2024-12-03 05:30,17,11,6,0,0,0
2024-12-03 05:45,22,8,14,0,0,0
2024-12-03 06:00,14,8,6,0,0,0
2024-12-03 06:15,34,16,18,0,0,0
2024-12-03 06:30,33,22,11,0,0,0
2024-12-03 06:45,67,30,37,0,0,0
2024-12-03 07:00,50,36,14,0,0,0
2024-12-03 07:15,128,99,29,0,0,0
2024-12-03 07:30,195,159,36,0,0,0
2024-12-03 07:45,172,123,49,0,0,0
2024-12-03 08:00,138,102,36,0,0,0
2024-12-03 08:15,97,70,27,0,0,0
2024-12-03 08:30,81,63,18,0,0,0
2024-12-03 08:45,76,51,25,0,0,0
2024-12-03 09:00,40,27,13,0,0,0
2024-12-03 09:15,46,31,15,0,0,0
2024-12-03 09:30,44,35,9,0,0,0
2024-12-03 09:45,43,33,10,0,0,0
2024-12-03 10:00,23,12,11,0,0,0
2024-12-03 10:15,27,16,11,0,0,0
2024-12-03 10:30,26,21,5,0,0,0
2024-12-03 10:45,31,20,11,0,0,0
2024-12-03 11:00,32,21,11,0,0,0
2024-12-03 11:15,33,16,17,0,0,0
2024-12-03 11:30,35,23,12,0,0,0
2024-12-03 11:45,37,10,27,0,0,0
2024-12-03 12:00,39,15,24,0,0,0
2024-12-03 12:15,43,20,23,0,0,0
2024-12-03 12:30,48,20,28,0,0,0
2024-12-03 12:45,44,11,33,0,0,0
2024-12-03 13:00,56,10,46,0,0,0
2024-12-03 13:15,121,20,101,0,0,0
2024-12-03 13:30,71,32,39,0,0,0
2024-12-03 13:45,70,33,37,0,0,0
2024-12-03 14:00,96,27,69,0,0,0
2024-12-03 14:15,57,19,38,0,0,0
2024-12-03 14:30,81,37,44,0,0,0
2024-12-03 14:45,74,41,33,0,0,0
2024-12-03 15:00,55,22,33,0,0,0
2024-12-03 15:15,81,41,40,0,0,0
2024-12-03 15:30,70,26,44,0,0,0
2024-12-03 15:45,105,39,66,0,0,0
2024-12-03 16:00,77,34,43,0,0,0
2024-12-03 16:15,95,43,52,0,0,0
2024-12-03 16:30,72,38,34,0,0,0
2024-12-03 16:45,105,52,53,0,0,0
2024-12-03 17:00,89,40,49,0,0,0
2024-12-03 17:15,81,37,44,0,0,0
2024-12-03 17:30,101,37,64,0,0,0
2024-12-03 17:45,75,43,32,0,0,0
2024-12-03 18:00,59,23,36,0,0,0
2024-12-03 18:15,69,26,43,0,0,0
2024-12-03 18:30,70,40,30,0,0,0
2024-12-03 18:45,54,26,28,0,0,0
2024-12-03 19:00,41,12,29,0,0,0
2024-12-03 19:15,40,11,29,0,0,0
2024-12-03 19:30,41,11,30,0,0,0
2024-12-03 19:45,31,12,19,0,0,0
2024-12-03 20:00,38,10,28,0,0,0
2024-12-03 20:15,19,7,12,0,0,0
2024-12-03 20:30,25,6,19,0,0,0
2024-12-03 20:45,15,8,7,0,0,0
2024-12-03 21:00,36,3,33,0,0,0
2024-12-03 21:15,30,9,21,0,0,0
2024-12-03 21:30,14,4,10,0,0,0
2024-12-03 21:45,21,1,20,0,0,0
2024-12-03 22:00,18,5,13,0,0,0
2024-12-03 22:15,30,5,25,0,0,0
2024-12-03 22:30,20,3,17,0,0,0
2024-12-03 22:45,8,1,7,0,0,0
2024-12-03 23:00,10,4,6,0,0,0
2024-12-03 23:15,6,1,5,0,0,0
2024-12-03 23:30,2,1,1,0,0,0
2024-12-03 23:45,3,0,3,0,0,0
2024-12-04 00:00,2,1,1,0,0,0
2024-12-04 00:15,4,2,2,0,0,0
2024-12-04 00:30,3,0,3,0,0,0
2024-12-04 00:45,2,0,2,0,0,0
2024-12-04 01:00,0,0,0,0,0,0
2024-12-04 01:15,1,0,1,0,0,0
2024-12-04 01:30,0,0,0,0,0,0
2024-12-04 01:45,0,0,0,0,0,0
2024-12-04 02:00,0,0,0,0,0,0
2024-12-04 02:15,1,0,1,0,0,0
2024-12-04 02:30,0,0,0,0,0,0
2024-12-04 02:45,0,0,0,0,0,0
2024-12-04 03:00,0,0,0,0,0,0
2024-12-04 03:15,1,0,1,0,0,0
2024-12-04 03:30,0,0,0,0,0,0
2024-12-04 03:45,0,0,0,0,0,0
2024-12-04 04:00,1,1,0,0,0,0
2024-12-04 04:15,0,0,0,0,0,0
2024-12-04 04:30,0,0,0,0,0,0
2024-12-04 04:45,4,0,4,0,0,0
2024-12-04 05:00,7,2,5,0,0,0
2024-12-04 05:15,10,4,6,0,0,0
2024-12-04 05:30,15,8,7,0,0,0
2024-12-04 05:45,21,10,11,0,0,0
2024-12-04 06:00,18,9,9,0,0,0
2024-12-04 06:15,27,19,8,0,0,0
2024-12-04 06:30,41,27,14,0,0,0
2024-12-04 06:45,59,34,25,0,0,0
2024-12-04 07:00,77,50,27,0,0,0
2024-12-04 07:15,133,104,29,0,0,0
2024-12-04 07:30,207,165,42,0,0,0
2024-12-04 07:45,211,158,53,0,0,0
2024-12-04 08:00,164,121,43,0,0,0
2024-12-04 08:15,92,72,20,0,0,0
2024-12-04 08:30,118,93,25,0,0,0
2024-12-04 08:45,61,46,15,0,0,0
2024-12-04 09:00,42,18,24,0,0,0
2024-12-04 09:15,43,30,13,0,0,0
2024-12-04 09:30,50,39,11,0,0,0
2024-12-04 09:45,52,30,22,0,0,0
2024-12-04 10:00,34,23,11,0,0,0
2024-12-04 10:15,34,24,10,0,0,0
2024-12-04 10:30,41,21,20,0,0,0
2024-12-04 10:45,49,24,25,0,0,0
2024-12-04 11:00,53,25,28,0,0,0
2024-12-04 11:15,35,18,17,0,0,0
2024-12-04 11:30,44,21,23,0,0,0
2024-12-04 11:45,55,31,24,0,0,0
2024-12-04 12:00,39,17,22,0,0,0
2024-12-04 12:15,44,17,27,0,0,0
2024-12-04 12:30,52,20,32,0,0,0
2024-12-04 12:45,53,19,34,0,0,0
2024-12-04 13:00,71,29,42,0,0,0
2024-12-04 13:15,81,17,64,0,0,0
2024-12-04 13:30,57,13,44,0,0,0
2024-12-04 13:45,64,25,39,0,0,0
2024-12-04 14:00,85,25,60,0,0,0
2024-12-04 14:15,80,31,49,0,0,0
2024-12-04 14:30,64,30,34,0,0,0
2024-12-04 14:45,81,40,41,0,0,0
2024-12-04 15:00,90,32,58,0,0,0
2024-12-04 15:15,47,18,29,0,0,0
2024-12-04 15:30,101,42,59,0,0,0
2024-12-04 15:45,138,38,100,0,0,0
2024-12-04 16:00,119,38,81,0,0,0
2024-12-04 16:15,92,46,46,0,0,0
2024-12-04 16:30,90,38,52,0,0,0
2024-12-04 16:45,109,52,57,0,0,0
2024-12-04 17:00,84,34,50,0,0,0
2024-12-04 17:15,94,55,39,0,0,0
2024-12-04 17:30,94,46,48,0,0,0
2024-12-04 17:45,72,35,37,0,0,0
2024-12-04 18:00,79,32,47,0,0,0
2024-12-04 18:15,56,21,35,0,0,0
2024-12-04 18:30,48,17,31,0,0,0
2024-12-04 18:45,53,25,28,0,0,0
2024-12-04 19:00,42,16,26,0,0,0
2024-12-04 19:15,39,14,25,0,0,0
2024-12-04 19:30,45,14,31,0,0,0
2024-12-04 19:45,51,16,35,0,0,0
2024-12-04 20:00,24,5,19,0,0,0
2024-12-04 20:15,36,14,22,0,0,0
2024-12-04 20:30,24,5,19,0,0,0
2024-12-04 20:45,21,7,14,0,0,0
2024-12-04 21:00,20,3,17,0,0,0
2024-12-04 21:15,22,7,15,0,0,0
2024-12-04 21:30,13,3,10,0,0,0
2024-12-04 21:45,19,5,14,0,0,0
2024-12-04 22:00,27,10,17,0,0,0
2024-12-04 22:15,16,5,11,0,0,0
2024-12-04 22:30,20,4,16,0,0,0
2024-12-04 22:45,13,0,13,0,0,0
2024-12-04 23:00,13,1,12,0,0,0
2024-12-04 23:15,7,5,2,0,0,0
2024-12-04 23:30,10,3,7,0,0,0
2024-12-04 23:45,3,1,2,0,0,0
2024-12-05 00:00,3,2,1,0,0,0
2024-12-05 00:15,5,2,3,0,0,0
2024-12-05 00:30,0,0,0,0,0,0
2024-12-05 00:45,1,1,0,0,0,0
2024-12-05 01:00,0,0,0,0,0,0
2024-12-05 01:15,1,0,1,0,0,0
2024-12-05 01:30,1,0,1,0,0,0
2024-12-05 01:45,0,0,0,0,0,0
2024-12-05 02:00,1,0,1,0,0,0
2024-12-05 02:15,0,0,0,0,0,0
2024-12-05 02:30,0,0,0,0,0,0
2024-12-05 02:45,0,0,0,0,0,0
2024-12-05 03:00,0,0,0,0,0,0
2024-12-05 03:15,1,0,1,0,0,0
2024-12-05 03:30,0,0,0,0,0,0
2024-12-05 03:45,0,0,0,0,0,0
2024-12-05 04:00,0,0,0,0,0,0
2024-12-05 04:15,1,1,0,0,0,0
2024-12-05 04:30,1,0,1,0,0,0
2024-12-05 04:45,2,0,2,0,0,0
2024-12-05 05:00,8,2,6,0,0,0
2024-12-05 05:15,11,4,7,0,0,0
2024-12-05 05:30,17,10,7,0,0,0
2024-12-05 05:45,17,9,8,0,0,0
2024-12-05 06:00,14,4,10,0,0,0
2024-12-05 06:15,27,17,10,0,0,0
2024-12-05 06:30,38,23,15,0,0,0
2024-12-05 06:45,55,32,23,0,0,0
2024-12-05 07:00,67,41,26,0,0,0
2024-12-05 07:15,123,104,19,0,0,0
2024-12-05 07:30,202,172,30,0,0,0
2024-12-05 07:45,179,137,42,0,0,0
2024-12-05 08:00,126,95,31,0,0,0
2024-12-05 08:15,108,79,29,0,0,0
2024-12-05 08:30,96,78,18,0,0,0
2024-12-05 08:45,59,44,15,0,0,0
2024-12-05 09:00,47,27,20,0,0,0
2024-12-05 09:15,37,25,12,0,0,0
2024-12-05 09:30,59,40,19,0,0,0
2024-12-05 09:45,54,40,14,0,0,0
2024-12-05 10:00,36,21,15,0,0,0
2024-12-05 10:15,33,21,12,0,0,0
2024-12-05 10:30,33,18,15,0,0,0
2024-12-05 10:45,30,20,10,0,0,0
2024-12-05 11:00,33,20,13,0,0,0
2024-12-05 11:15,35,22,13,0,0,0
2024-12-05 11:30,39,8,31,0,0,0
2024-12-05 11:45,46,26,20,0,0,0
2024-12-05 12:00,30,12,18,0,0,0
2024-12-05 12:15,33,11,22,0,0,0
2024-12-05 12:30,45,11,34,0,0,0
2024-12-05 12:45,46,10,36,0,0,0
2024-12-05 13:00,36,12,24,0,0,0
2024-12-05 13:15,42,10,32,0,0,0
2024-12-05 13:30,35,13,22,0,0,0
2024-12-05 13:45,39,19,20,0,0,0
2024-12-05 14:00,37,7,30,0,0,0
2024-12-05 14:15,72,31,41,0,0,0
2024-12-05 14:30,51,20,31,0,0,0
2024-12-05 14:45,48,17,31,0,0,0
2024-12-05 15:00,55,18,37,0,0,0
2024-12-05 15:15,46,19,27,0,0,0
2024-12-05 15:30,62,30,32,0,0,0
2024-12-05 15:45,139,29,110,0,0,0
2024-12-05 16:00,85,22,63,0,0,0
2024-12-05 16:15,74,29,45,0,0,0
2024-12-05 16:30,71,28,43,0,0,0
2024-12-05 16:45,65,33,32,0,0,0
2024-12-05 17:00,69,29,40,0,0,0
2024-12-05 17:15,75,46,29,0,0,0
2024-12-05 17:30,76,29,47,0,0,0
2024-12-05 17:45,59,36,23,0,0,0
2024-12-05 18:00,49,10,39,0,0,0
2024-12-05 18:15,75,26,49,0,0,0
2024-12-05 18:30,58,27,31,0,0,0
2024-12-05 18:45,48,19,29,0,0,0
2024-12-05 19:00,35,11,24,0,0,0
2024-12-05 19:15,36,12,24,0,0,0
2024-12-05 19:30,30,4,26,0,0,0
2024-12-05 19:45,25,10,15,0,0,0
2024-12-05 20:00,27,7,20,0,0,0
2024-12-05 20:15,31,6,25,0,0,0
2024-12-05 20:30,30,5,25,0,0,0
2024-12-05 20:45,17,4,13,0,0,0
2024-12-05 21:00,11,1,10,0,0,0
2024-12-05 21:15,14,2,12,0,0,0
2024-12-05 21:30,14,3,11,0,0,0
2024-12-05 21:45,9,2,7,0,0,0
2024-12-05 22:00,25,6,19,0,0,0
2024-12-05 22:15,19,6,13,0,0,0
2024-12-05 22:30,20,8,12,0,0,0
2024-12-05 22:45,11,1,10,0,0,0
2024-12-05 23:00,18,6,12,0,0,0
2024-12-05 23:15,3,1,2,0,0,0
2024-12-05 23:30,6,4,2,0,0,0
2024-12-05 23:45,11,3,8,0,0,0
2024-12-06 00:00,2,1,1,0,0,0
2024-12-06 00:15,5,2,3,0,0,0
2024-12-06 00:30,5,0,5,0,0,0
2024-12-06 00:45,1,0,1,0,0,0
2024-12-06 01:00,1,0,1,0,0,0
2024-12-06 01:15,0,0,0,0,0,0
2024-12-06 01:30,1,0,1,0,0,0
2024-12-06 01:45,0,0,0,0,0,0
2024-12-06 02:00,0,0,0,0,0,0
2024-12-06 02:15,0,0,0,0,0,0
2024-12-06 02:30,0,0,0,0,0,0
2024-12-06 02:45,2,0,2,0,0,0
2024-12-06 03:00,0,0,0,0,0,0
2024-12-06 03:15,0,0,0,0,0,0
2024-12-06 03:30,0,0,0,0,0,0
2024-12-06 03:45,0,0,0,0,0,0
2024-12-06 04:00,0,0,0,0,0,0
2024-12-06 04:15,1,1,0,0,0,0
2024-12-06 04:30,2,0,2,0,0,0
2024-12-06 04:45,0,0,0,0,0,0
2024-12-06 05:00,9,1,8,0,0,0
2024-12-06 05:15,9,4,5,0,0,0
2024-12-06 05:30,16,6,10,0,0,0
2024-12-06 05:45,16,6,10,0,0,0
2024-12-06 06:00,11,5,6,0,0,0
2024-12-06 06:15,13,10,3,0,0,0
2024-12-06 06:30,34,20,14,0,0,0
2024-12-06 06:45,35,17,18,0,0,0
2024-12-06 07:00,36,22,14,0,0,0
2024-12-06 07:15,101,80,21,0,0,0
2024-12-06 07:30,157,135,22,0,0,0
2024-12-06 07:45,119,91,28,0,0,0
2024-12-06 08:00,83,56,27,0,0,0
2024-12-06 08:15,46,29,17,0,0,0
2024-12-06 08:30,45,30,15,0,0,0
2024-12-06 08:45,43,26,17,0,0,0
2024-12-06 09:00,29,17,12,0,0,0
2024-12-06 09:15,28,15,13,0,0,0
2024-12-06 09:30,24,18,6,0,0,0
2024-12-06 09:45,24,18,6,0,0,0
2024-12-06 10:00,12,6,6,0,0,0
2024-12-06 10:15,16,6,10,0,0,0
2024-12-06 10:30,15,9,6,0,0,0
2024-12-06 10:45,12,7,5,0,0,0
2024-12-06 11:00,17,9,8,0,0,0
2024-12-06 11:15,15,9,6,0,0,0
2024-12-06 11:30,23,10,13,0,0,0
2024-12-06 11:45,7,2,5,0,0,0
2024-12-06 12:00,27,4,23,0,0,0
2024-12-06 12:15,33,10,23,0,0,0
2024-12-06 12:30,28,10,18,0,0,0
2024-12-06 12:45,36,16,20,0,0,0
2024-12-06 13:00,45,14,31,0,0,0
2024-12-06 13:15,102,20,82,0,0,0
2024-12-06 13:30,47,13,34,0,0,0
2024-12-06 13:45,58,11,47,0,0,0
2024-12-06 14:00,57,22,35,0,0,0
2024-12-06 14:15,39,20,19,0,0,0
2024-12-06 14:30,42,16,26,0,0,0
2024-12-06 14:45,35,15,20,0,0,0
2024-12-06 15:00,53,16,37,0,0,0
2024-12-06 15:15,42,21,21,0,0,0
2024-12-06 15:30,31,12,19,0,0,0
2024-12-06 15:45,63,26,37,0,0,0
2024-12-06 16:00,28,14,14,0,0,0
2024-12-06 16:15,48,19,29,0,0,0
2024-12-06 16:30,36,14,22,0,0,0
2024-12-06 16:45,40,21,19,0,0,0
2024-12-06 17:00,32,17,15,0,0,0
2024-12-06 17:15,38,25,13,0,0,0
2024-12-06 17:30,43,25,18,0,0,0
2024-12-06 17:45,35,22,13,0,0,0
2024-12-06 18:00,34,15,19,0,0,0
2024-12-06 18:15,43,24,19,0,0,0
2024-12-06 18:30,40,14,26,0,0,0
2024-12-06 18:45,26,12,14,0,0,0
2024-12-06 19:00,41,11,30,0,0,0
2024-12-06 19:15,31,19,12,0,0,0
2024-12-06 19:30,20,10,10,0,0,0
2024-12-06 19:45,21,11,10,0,0,0
2024-12-06 20:00,16,3,13,0,0,0
2024-12-06 20:15,19,8,11,0,0,0
2024-12-06 20:30,15,6,9,0,0,0
2024-12-06 20:45,13,2,11,0,0,0
2024-12-06 21:00,18,7,11,0,0,0
2024-12-06 21:15,11,6,5,0,0,0
2024-12-06 21:30,17,3,14,0,0,0
2024-12-06 21:45,15,4,11,0,0,0
2024-12-06 22:00,22,3,19,0,0,0
2024-12-06 22:15,15,2,13,0,0,0
2024-12-06 22:30,8,2,6,0,0,0
2024-12-06 22:45,13,4,9,0,0,0
2024-12-06 23:00,7,2,5,0,0,0
2024-12-06 23:15,12,3,9,0,0,0
2024-12-06 23:30,12,5,7,0,0,0
2024-12-06 23:45,10,7,3,0,0,0
2024-12-07 00:00,6,2,4,0,0,0
2024-12-07 00:15,11,6,5,0,0,0
2024-12-07 00:30,12,2,10,0,0,0
2024-12-07 00:45,9,2,7,0,0,0
2024-12-07 01:00,8,4,4,0,0,0
2024-12-07 01:15,9,5,4,0,0,0
2024-12-07 01:30,7,3,4,0,0,0
2024-12-07 01:45,8,5,3,0,0,0
2024-12-07 02:00,8,6,2,0,0,0
2024-12-07 02:15,3,0,3,0,0,0
2024-12-07 02:30,6,4,2,0,0,0
2024-12-07 02:45,2,2,0,0,0,0
2024-12-07 03:00,5,1,4,0,0,0
2024-12-07 03:15,1,0,1,0,0,0
2024-12-07 03:30,0,0,0,0,0,0
2024-12-07 03:45,2,1,1,0,0,0
2024-12-07 04:00,3,1,2,0,0,0
2024-12-07 04:15,3,1,2,0,0,0
2024-12-07 04:30,0,0,0,0,0,0
2024-12-07 04:45,0,0,0,0,0,0
2024-12-07 05:00,3,2,1,0,0,0
2024-12-07 05:15,0,0,0,0,0,0
2024-12-07 05:30,9,8,1,0,0,0
2024-12-07 05:45,6,6,0,0,0,0
2024-12-07 06:00,2,1,1,0,0,0
2024-12-07 06:15,5,3,2,0,0,0
2024-12-07 06:30,8,4,4,0,0,0
2024-12-07 06:45,4,0,4,0,0,0
2024-12-07 07:00,0,0,0,0,0,0
2024-12-07 07:15,4,4,0,0,0,0
2024-12-07 07:30,5,3,2,0,0,0
2024-12-07 07:45,3,1,2,0,0,0
2024-12-07 08:00,2,1,1,0,0,0
2024-12-07 08:15,4,0,4,0,0,0
2024-12-07 08:30,10,7,3,0,0,0
2024-12-07 08:45,10,6,4,0,0,0
2024-12-07 09:00,12,9,3,0,0,0
2024-12-07 09:15,6,4,2,0,0,0
2024-12-07 09:30,22,15,7,0,0,0
2024-12-07 09:45,30,21,9,0,0,0
2024-12-07 10:00,28,20,8,0,0,0
2024-12-07 10:15,35,24,11,0,0,0
2024-12-07 10:30,28,22,6,0,0,0
2024-12-07 10:45,31,14,17,0,0,0
2024-12-07 11:00,27,15,12,0,0,0
2024-12-07 11:15,25,17,8,0,0,0
2024-12-07 11:30,23,9,14,0,0,0
2024-12-07 11:45,49,29,20,0,0,0
2024-12-07 12:00,32,21,11,0,0,0
2024-12-07 12:15,38,28,10,0,0,0
2024-12-07 12:30,46,24,22,0,0,0
2024-12-07 12:45,51,35,16,0,0,0
2024-12-07 13:00,37,16,21,0,0,0
2024-12-07 13:15,57,37,20,0,0,0
2024-12-07 13:30,33,17,16,0,0,0
2024-12-07 13:45,40,15,25,0,0,0
2024-12-07 14:00,41,20,21,0,0,0
2024-12-07 14:15,34,14,20,0,0,0
2024-12-07 14:30,58,32,26,0,0,0
2024-12-07 14:45,50,25,25,0,0,0
2024-12-07 15:00,37,15,22,0,0,0
2024-12-07 15:15,58,33,25,0,0,0
2024-12-07 15:30,52,23,29,0,0,0
2024-12-07 15:45,47,22,25,0,0,0
2024-12-07 16:00,36,22,14,0,0,0
2024-12-07 16:15,55,21,34,0,0,0
2024-12-07 16:30,36,21,15,0,0,0
2024-12-07 16:45,50,27,23,0,0,0
2024-12-07 17:00,26,15,11,0,0,0
2024-12-07 17:15,36,21,15,0,0,0
2024-12-07 17:30,48,15,33,0,0,0
2024-12-07 17:45,49,29,20,0,0,0
2024-12-07 18:00,49,20,29,0,0,0
2024-12-07 18:15,35,6,29,0,0,0
2024-12-07 18:30,25,10,15,0,0,0
2024-12-07 18:45,42,18,24,0,0,0
2024-12-07 19:00,37,18,19,0,0,0
2024-12-07 19:15,26,8,18,0,0,0
2024-12-07 19:30,26,8,18,0,0,0
2024-12-07 19:45,15,10,5,0,0,0
2024-12-07 20:00,16,11,5,0,0,0
2024-12-07 20:15,21,7,14,0,0,0
2024-12-07 20:30,12,2,10,0,0,0
2024-12-07 20:45,14,2,12,0,0,0
2024-12-07 21:00,18,6,12,0,0,0
2024-12-07 21:15,5,0,5,0,0,0
2024-12-07 21:30,7,0,7,0,0,0
2024-12-07 21:45,12,3,9,0,0,0
2024-12-07 22:00,16,7,9,0,0,0
2024-12-07 22:15,11,5,6,0,0,0
2024-12-07 22:30,22,4,18,0,0,0
2024-12-07 22:45,10,6,4,0,0,0
2024-12-07 23:00,14,5,9,0,0,0
2024-12-07 23:15,19,8,11,0,0,0
2024-12-07 23:30,17,7,10,0,0,0
2024-12-07 23:45,6,3,3,0,0,0
2024-12-08 00:00,15,8,7,0,0,0
2024-12-08 00:15,13,5,8,0,0,0
2024-12-08 00:30,8,4,4,0,0,0
2024-12-08 00:45,5,1,4,0,0,0
2024-12-08 01:00,9,5,4,0,0,0
2024-12-08 01:15,5,1,4,0,0,0
2024-12-08 01:30,15,3,12,0,0,0
2024-12-08 01:45,2,0,2,0,0,0
2024-12-08 02:00,11,6,5,0,0,0
2024-12-08 02:15,6,1,5,0,0,0
2024-12-08 02:30,4,2,2,0,0,0
2024-12-08 02:45,1,0,1,0,0,0
2024-12-08 03:00,5,1,4,0,0,0
2024-12-08 03:15,0,0,0,0,0,0
2024-12-08 03:30,3,0,3,0,0,0
2024-12-08 03:45,0,0,0,0,0,0
2024-12-08 04:00,1,1,0,0,0,0
2024-12-08 04:15,0,0,0,0,0,0
2024-12-08 04:30,0,0,0,0,0,0
2024-12-08 04:45,1,0,1,0,0,0
2024-12-08 05:00,4,2,2,0,0,0
2024-12-08 05:15,1,1,0,0,0,0
2024-12-08 05:30,3,2,1,0,0,0
2024-12-08 05:45,2,1,1,0,0,0
2024-12-08 06:00,3,1,2,0,0,0
2024-12-08 06:15,1,1,0,0,0,0
2024-12-08 06:30,5,4,1,0,0,0
2024-12-08 06:45,4,4,0,0,0,0
2024-12-08 07:00,0,0,0,0,0,0
2024-12-08 07:15,2,0,2,0,0,0
2024-12-08 07:30,2,2,0,0,0,0
2024-12-08 07:45,3,3,0,0,0,0
2024-12-08 08:00,0,0,0,0,0,0
2024-12-08 08:15,3,2,1,0,0,0
2024-12-08 08:30,6,4,2,0,0,0
2024-12-08 08:45,5,3,2,0,0,0
2024-12-08 09:00,7,7,0,0,0,0
2024-12-08 09:15,10,5,5,0,0,0
2024-12-08 09:30,13,7,6,0,0,0
2024-12-08 09:45,13,9,4,0,0,0
2024-12-08 10:00,18,10,8,0,0,0
2024-12-08 10:15,12,8,4,0,0,0
2024-12-08 10:30,22,12,10,0,0,0
2024-12-08 10:45,25,13,12,0,0,0
2024-12-08 11:00,18,14,4,0,0,0
2024-12-08 11:15,24,17,7,0,0,0
2024-12-08 11:30,19,11,8,0,0,0
2024-12-08 11:45,23,11,12,0,0,0
2024-12-08 12:00,33,22,11,0,0,0
2024-12-08 12:15,25,7,18,0,0,0
2024-12-08 12:30,40,20,20,0,0,0
2024-12-08 12:45,35,19,16,0,0,0
2024-12-08 13:00,32,13,19,0,0,0
2024-12-08 13:15,27,14,13,0,0,0
2024-12-08 13:30,46,21,25,0,0,0
2024-12-08 13:45,34,21,13,0,0,0
2024-12-08 14:00,42,19,23,0,0,0
2024-12-08 14:15,42,19,23,0,0,0
2024-12-08 14:30,52,38,14,0,0,0
2024-12-08 14:45,51,23,28,0,0,0
2024-12-08 15:00,49,30,19,0,0,0
2024-12-08 15:15,43,32,11,0,0,0
2024-12-08 15:30,58,40,18,0,0,0
2024-12-08 15:45,64,44,20,0,0,0
2024-12-08 16:00,70,49,21,0,0,0
2024-12-08 16:15,50,31,19,0,0,0
2024-12-08 16:30,34,14,20,0,0,0
2024-12-08 16:45,36,15,21,0,0,0
2024-12-08 17:00,37,22,15,0,0,0
2024-12-08 17:15,29,10,19,0,0,0
2024-12-08 17:30,31,16,15,0,0,0
2024-12-08 17:45,49,22,27,0,0,0
2024-12-08 18:00,45,10,35,0,0,0
2024-12-08 18:15,20,7,13,0,0,0
2024-12-08 18:30,19,2,17,0,0,0
2024-12-08 18:45,21,3,18,0,0,0
2024-12-08 19:00,29,4,25,0,0,0
2024-12-08 19:15,8,3,5,0,0,0
2024-12-08 19:30,27,3,24,0,0,0
2024-12-08 19:45,24,5,19,0,0,0
2024-12-08 20:00,11,1,10,0,0,0
2024-12-08 20:15,18,1,17,0,0,0
2024-12-08 20:30,5,1,4,0,0,0
2024-12-08 20:45,14,4,10,0,0,0
2024-12-08 21:00,7,1,6,0,0,0
2024-12-08 21:15,9,2,7,0,0,0
2024-12-08 21:30,11,4,7,0,0,0
2024-12-08 21:45,8,4,4,0,0,0
2024-12-08 22:00,6,2,4,0,0,0
2024-12-08 22:15,11,6,5,0,0,0
2024-12-08 22:30,1,0,1,0,0,0
2024-12-08 22:45,3,1,2,0,0,0
2024-12-08 23:00,4,0,4,0,0,0
2024-12-08 23:15,1,0,1,0,0,0
2024-12-08 23:30,2,1,1,0,0,0
2024-12-08 23:45,1,0,1,0,0,0
2024-12-09 00:00,2,1,1,0,0,0
2024-12-09 00:15,2,0,2,0,0,0
2024-12-09 00:30,0,0,0,0,0,0
2024-12-09 00:45,0,0,0,0,0,0
2024-12-09 01:00,0,0,0,0,0,0
2024-12-09 01:15,1,1,0,0,0,0
2024-12-09 01:30,1,1,0,0,0,0
2024-12-09 01:45,0,0,0,0,0,0
2024-12-09 02:00,0,0,0,0,0,0
2024-12-09 02:15,0,0,0,0,0,0
2024-12-09 02:30,0,0,0,0,0,0
2024-12-09 02:45,0,0,0,0,0,0
2024-12-09 03:00,1,1,0,0,0,0
2024-12-09 03:15,0,0,0,0,0,0
2024-12-09 03:30,0,0,0,0,0,0
2024-12-09 03:45,1,1,0,0,0,0
2024-12-09 04:00,0,0,0,0,0,0
2024-12-09 04:15,2,2,0,0,0,0
2024-12-09 04:30,2,1,1,0,0,0
2024-12-09 04:45,4,3,1,0,0,0
2024-12-09 05:00,10,3,7,0,0,0
2024-12-09 05:15,7,3,4,0,0,0
2024-12-09 05:30,15,8,7,0,0,0
2024-12-09 05:45,25,15,10,0,0,0
2024-12-09 06:00,16,9,7,0,0,0
2024-12-09 06:15,35,22,13,0,0,0
2024-12-09 06:30,42,26,16,0,0,0
2024-12-09 06:45,57,35,22,0,0,0
2024-12-09 07:00,63,33,30,0,0,0
2024-12-09 07:15,128,108,20,0,0,0
2024-12-09 07:30,179,142,37,0,0,0
2024-12-09 07:45,195,160,35,0,0,0
2024-12-09 08:00,131,88,43,0,0,0
2024-12-09 08:15,107,69,38,0,0,0
2024-12-09 08:30,80,65,15,0,0,0
2024-12-09 08:45,59,39,20,0,0,0
2024-12-09 09:00,40,30,10,0,0,0
2024-12-09 09:15,48,38,10,0,0,0
2024-12-09 09:30,45,27,18,0,0,0
2024-12-09 09:45,44,25,19,0,0,0
2024-12-09 10:00,31,24,7,0,0,0
2024-12-09 10:15,22,12,10,0,0,0
2024-12-09 10:30,32,14,18,0,0,0
2024-12-09 10:45,32,13,19,0,0,0
2024-12-09 11:00,22,11,11,0,0,0
2024-12-09 11:15,18,8,10,0,0,0
2024-12-09 11:30,25,7,18,0,0,0
2024-12-09 11:45,27,18,9,0,0,0
2024-12-09 12:00,35,9,26,0,0,0
2024-12-09 12:15,43,26,17,0,0,0
2024-12-09 12:30,30,12,18,0,0,0
2024-12-09 12:45,49,17,32,0,0,0
2024-12-09 13:00,47,16,31,0,0,0
2024-12-09 13:15,36,10,26,0,0,0
2024-12-09 13:30,65,28,37,0,0,0
2024-12-09 13:45,65,34,31,0,0,0
2024-12-09 14:00,47,17,30,0,0,0
2024-12-09 14:15,64,30,34,0,0,0
2024-12-09 14:30,61,18,43,0,0,0
2024-12-09 14:45,69,33,36,0,0,0
2024-12-09 15:00,78,23,55,0,0,0
2024-12-09 15:15,73,33,40,0,0,0
2024-12-09 15:30,64,24,40,0,0,0
2024-12-09 15:45,133,33,100,0,0,0
2024-12-09 16:00,120,27,93,0,0,0
2024-12-09 16:15,65,39,26,0,0,0
2024-12-09 16:30,77,28,49,0,0,0
2024-12-09 16:45,97,43,54,0,0,0
2024-12-09 17:00,94,34,60,0,0,0
2024-12-09 17:15,75,34,41,0,0,0
2024-12-09 17:30,47,22,25,0,0,0
2024-12-09 17:45,72,40,32,0,0,0
2024-12-09 18:00,62,21,41,0,0,0
2024-12-09 18:15,67,25,42,0,0,0
2024-12-09 18:30,43,14,29,0,0,0
2024-12-09 18:45,42,15,27,0,0,0
2024-12-09 19:00,44,11,33,0,0,0
2024-12-09 19:15,26,11,15,0,0,0
2024-12-09 19:30,30,11,19,0,0,0
2024-12-09 19:45,35,13,22,0,0,0
2024-12-09 20:00,19,6,13,0,0,0
2024-12-09 20:15,23,6,17,0,0,0
2024-12-09 20:30,14,2,12,0,0,0
2024-12-09 20:45,15,6,9,0,0,0
2024-12-09 21:00,11,4,7,0,0,0
2024-12-09 21:15,24,6,18,0,0,0
2024-12-09 21:30,16,3,13,0,0,0
2024-12-09 21:45,19,5,14,0,0,0
2024-12-09 22:00,12,2,10,0,0,0
2024-12-09 22:15,25,12,13,0,0,0
2024-12-09 22:30,9,1,8,0,0,0
2024-12-09 22:45,9,6,3,0,0,0
2024-12-09 23:00,13,5,8,0,0,0
2024-12-09 23:15,3,1,2,0,0,0
2024-12-09 23:30,3,1,2,0,0,0
2024-12-09 23:45,0,0,0,0,0,0
2024-12-10 00:00,2,0,2,0,0,0
2024-12-10 00:15,0,0,0,0,0,0
2024-12-10 00:30,1,0,1,0,0,0
2024-12-10 00:45,0,0,0,0,0,0
2024-12-10 01:00,5,3,2,0,0,0
2024-12-10 01:15,0,0,0,0,0,0
2024-12-10 01:30,3,1,2,0,0,0
2024-12-10 01:45,1,1,0,0,0,0
2024-12-10 02:00,0,0,0,0,0,0
2024-12-10 02:15,1,0,1,0,0,0
2024-12-10 02:30,0,0,0,0,0,0
2024-12-10 02:45,0,0,0,0,0,0
2024-12-10 03:00,1,1,0,0,0,0
2024-12-10 03:15,0,0,0,0,0,0
2024-12-10 03:30,0,0,0,0,0,0
2024-12-10 03:45,1,0,1,0,0,0
2024-12-10 04:00,0,0,0,0,0,0
2024-12-10 04:15,2,2,0,0,0,0
2024-12-10 04:30,2,0,2,0,0,0
2024-12-10 04:45,3,0,3,0,0,0
2024-12-10 05:00,11,7,4,0,0,0
2024-12-10 05:15,6,2,4,0,0,0
2024-12-10 05:30,19,11,8,0,0,0
2024-12-10 05:45,22,9,13,0,0,0
2024-12-10 06:00,20,15,5,0,0,0
2024-12-10 06:15,25,10,15,0,0,0
2024-12-10 06:30,43,23,20,0,0,0
2024-12-10 06:45,67,41,26,0,0,0
2024-12-10 07:00,76,45,31,0,0,0
2024-12-10 07:15,147,118,29,0,0,0
2024-12-10 07:30,215,180,35,0,0,0
2024-12-10 07:45,205,156,49,0,0,0
2024-12-10 08:00,147,102,45,0,0,0
2024-12-10 08:15,118,87,31,0,0,0
2024-12-10 08:30,83,66,17,0,0,0
2024-12-10 08:45,65,43,22,0,0,0
2024-12-10 09:00,53,30,23,0,0,0
2024-12-10 09:15,43,34,9,0,0,0
2024-12-10 09:30,52,37,15,0,0,0
2024-12-10 09:45,44,36,8,0,0,0
2024-12-10 10:00,31,21,10,0,0,0
2024-12-10 10:15,28,16,12,0,0,0
2024-12-10 10:30,44,33,11,0,0,0
2024-12-10 10:45,43,24,19,0,0,0
2024-12-10 11:00,25,11,14,0,0,0
2024-12-10 11:15,42,24,18,0,0,0
2024-12-10 11:30,38,24,14,0,0,0
2024-12-10 11:45,43,22,21,0,0,0
2024-12-10 12:00,43,13,30,0,0,0
2024-12-10 12:15,33,17,16,0,0,0
2024-12-10 12:30,44,14,30,0,0,0
2024-12-10 12:45,46,12,34,0,0,0
2024-12-10 13:00,62,26,36,0,0,0
2024-12-10 13:15,135,18,117,0,0,0
2024-12-10 13:30,62,20,42,0,0,0
2024-12-10 13:45,73,23,50,0,0,0
2024-12-10 14:00,76,21,55,0,0,0
2024-12-10 14:15,89,42,47,0,0,0
2024-12-10 14:30,73,31,42,0,0,0
2024-12-10 14:45,64,37,27,0,0,0
2024-12-10 15:00,77,30,47,0,0,0
2024-12-10 15:15,89,45,44,0,0,0
2024-12-10 15:30,89,33,56,0,0,0
2024-12-10 15:45,89,30,59,0,0,0
2024-12-10 16:00,63,27,36,0,0,0
2024-12-10 16:15,95,36,59,0,0,0
2024-12-10 16:30,83,26,57,0,0,0
2024-12-10 16:45,86,49,37,0,0,0
2024-12-10 17:00,88,33,55,0,0,0
2024-12-10 17:15,85,34,51,0,0,0
2024-12-10 17:30,75,33,42,0,0,0
2024-12-10 17:45,72,33,39,0,0,0
2024-12-10 18:00,74,36,38,0,0,0
2024-12-10 18:15,67,29,38,0,0,0
2024-12-10 18:30,47,22,25,0,0,0
2024-12-10 18:45,44,17,27,0,0,0
2024-12-10 19:00,64,20,44,0,0,0
2024-12-10 19:15,40,15,25,0,0,0
2024-12-10 19:30,32,9,23,0,0,0
2024-12-10 19:45,30,10,20,0,0,0
2024-12-10 20:00,34,7,27,0,0,0
2024-12-10 20:15,21,8,13,0,0,0
2024-12-10 20:30,27,4,23,0,0,0
2024-12-10 20:45,23,6,17,0,0,0
2024-12-10 21:00,22,12,10,0,0,0
2024-12-10 21:15,19,6,13,0,0,0
2024-12-10 21:30,28,3,25,0,0,0
2024-12-10 21:45,11,6,5,0,0,0
2024-12-10 22:00,27,12,15,0,0,0
2024-12-10 22:15,17,7,10,0,0,0
2024-12-10 22:30,14,7,7,0,0,0
2024-12-10 22:45,13,1,12,0,0,0
2024-12-10 23:00,10,2,8,0,0,0
2024-12-10 23:15,7,0,7,0,0,0
2024-12-10 23:30,5,0,5,0,0,0
2024-12-10 23:45,1,0,1,0,0,0
2024-12-11 00:00,4,3,1,0,0,0
2024-12-11 00:15,1,0,1,0,0,0
2024-12-11 00:30,1,0,1,0,0,0
2024-12-11 00:45,2,1,1,0,0,0
2024-12-11 01:00,3,3,0,0,0,0
2024-12-11 01:15,1,1,0,0,0,0
2024-12-11 01:30,2,2,0,0,0,0
2024-12-11 01:45,2,0,2,0,0,0
2024-12-11 02:00,0,0,0,0,0,0
2024-12-11 02:15,1,0,1,0,0,0
2024-12-11 02:30,1,0,1,0,0,0
2024-12-11 02:45,0,0,0,0,0,0
2024-12-11 03:00,0,0,0,0,0,0
2024-12-11 03:15,0,0,0,0,0,0
2024-12-11 03:30,0,0,0,0,0,0
2024-12-11 03:45,1,0,1,0,0,0
2024-12-11 04:00,0,0,0,0,0,0
2024-12-11 04:15,1,1,0,0,0,0
2024-12-11 04:30,2,1,1,0,0,0
2024-12-11 04:45,2,1,1,0,0,0
2024-12-11 05:00,12,5,7,0,0,0
2024-12-11 05:15,13,6,7,0,0,0
2024-12-11 05:30,21,12,9,0,0,0
2024-12-11 05:45,20,10,10,0,0,0
2024-12-11 06:00,15,8,7,0,0,0
2024-12-11 06:15,33,22,11,0,0,0
2024-12-11 06:30,43,28,15,0,0,0
2024-12-11 06:45,61,34,27,0,0,0
2024-12-11 07:00,71,41,30,0,0,0
2024-12-11 07:15,143,110,33,0,0,0
2024-12-11 07:30,217,185,32,0,0,0
2024-12-11 07:45,198,151,47,0,0,0
2024-12-11 08:00,114,86,28,0,0,0
2024-12-11 08:15,96,75,21,0,0,0
2024-12-11 08:30,106,81,25,0,0,0
2024-12-11 08:45,74,51,23,0,0,0
2024-12-11 09:00,34,23,11,0,0,0
2024-12-11 09:15,48,33,15,0,0,0
2024-12-11 09:30,54,42,12,0,0,0
2024-12-11 09:45,43,33,10,0,0,0
2024-12-11 10:00,44,24,20,0,0,0
2024-12-11 10:15,38,25,13,0,0,0
2024-12-11 10:30,36,23,13,0,0,0
2024-12-11 10:45,38,26,12,0,0,0
2024-12-11 11:00,32,18,14,0,0,0
2024-12-11 11:15,42,25,17,0,0,0
2024-12-11 11:30,32,15,17,0,0,0
2024-12-11 11:45,42,23,19,0,0,0
2024-12-11 12:00,37,9,28,0,0,0
2024-12-11 12:15,40,18,22,0,0,0
2024-12-11 12:30,53,14,39,0,0,0
2024-12-11 12:45,50,16,34,0,0,0
2024-12-11 13:00,61,18,43,0,0,0
2024-12-11 13:15,62,14,48,0,0,0
2024-12-11 13:30,50,17,33,0,0,0
2024-12-11 13:45,64,28,36,0,0,0
2024-12-11 14:00,55,19,36,0,0,0
2024-12-11 14:15,94,41,53,0,0,0
2024-12-11 14:30,53,26,27,0,0,0
2024-12-11 14:45,63,30,33,0,0,0
2024-12-11 15:00,74,20,54,0,0,0
2024-12-11 15:15,98,39,59,0,0,0
2024-12-11 15:30,61,30,31,0,0,0
2024-12-11 15:45,169,45,124,0,0,0
2024-12-11 16:00,104,24,80,0,0,0
2024-12-11 16:15,75,35,40,0,0,0
2024-12-11 16:30,77,30,47,0,0,0
2024-12-11 16:45,85,43,42,0,0,0
2024-12-11 17:00,82,32,50,0,0,0
2024-12-11 17:15,79,35,44,0,0,0
2024-12-11 17:30,67,27,40,0,0,0
2024-12-11 17:45,96,51,45,0,0,0
2024-12-11 18:00,72,35,37,0,0,0
2024-12-11 18:15,69,35,34,0,0,0
2024-12-11 18:30,51,23,28,0,0,0
2024-12-11 18:45,49,21,28,0,0,0
2024-12-11 19:00,47,17,30,0,0,0
2024-12-11 19:15,34,15,19,0,0,0
2024-12-11 19:30,38,13,25,0,0,0
2024-12-11 19:45,44,12,32,0,0,0
2024-12-11 20:00,33,14,19,0,0,0
2024-12-11 20:15,43,6,37,0,0,0
2024-12-11 20:30,32,8,24,0,0,0
2024-12-11 20:45,25,8,17,0,0,0
2024-12-11 21:00,22,4,18,0,0,0
2024-12-11 21:15,12,4,8,0,0,0
2024-12-11 21:30,26,5,21,0,0,0
2024-12-11 21:45,21,3,18,0,0,0
2024-12-11 22:00,24,4,20,0,0,0
2024-12-11 22:15,22,8,14,0,0,0
2024-12-11 22:30,13,3,10,0,0,0
2024-12-11 22:45,10,1,9,0,0,0
2024-12-11 23:00,13,3,10,0,0,0
2024-12-11 23:15,12,1,11,0,0,0
2024-12-11 23:30,6,0,6,0,0,0
2024-12-11 23:45,4,0,4,0,0,0
2024-12-12 00:00,4,3,1,0,0,0
2024-12-12 00:15,4,2,2,0,0,0
2024-12-12 00:30,3,0,3,0,0,0
2024-12-12 00:45,1,0,1,0,0,0
2024-12-12 01:00,5,2,3,0,0,0
2024-12-12 01:15,1,0,1,0,0,0
2024-12-12 01:30,2,0,2,0,0,0
2024-12-12 01:45,3,2,1,0,0,0
2024-12-12 02:00,0,0,0,0,0,0
2024-12-12 02:15,1,0,1,0,0,0
2024-12-12 02:30,0,0,0,0,0,0
2024-12-12 02:45,2,1,1,0,0,0
2024-12-12 03:00,0,0,0,0,0,0
2024-12-12 03:15,0,0,0,0,0,0
2024-12-12 03:30,1,0,1,0,0,0
2024-12-12 03:45,1,0,1,0,0,0
2024-12-12 04:00,1,0,1,0,0,0
2024-12-12 04:15,1,1,0,0,0,0
2024-12-12 04:30,1,0,1,0,0,0
2024-12-12 04:45,4,2,2,0,0,0
2024-12-12 05:00,12,5,7,0,0,0
2024-12-12 05:15,13,6,7,0,0,0
2024-12-12 05:30,17,8,9,0,0,0
2024-12-12 05:45,22,8,14,0,0,0
2024-12-12 06:00,17,8,9,0,0,0
2024-12-12 06:15,24,18,6,0,0,0
2024-12-12 06:30,39,28,11,0,0,0
2024-12-12 06:45,63,35,28,0,0,0
2024-12-12 07:00,74,48,26,0,0,0
2024-12-12 07:15,126,104,22,0,0,0
2024-12-12 07:30,195,153,42,0,0,0
2024-12-12 07:45,205,162,43,0,0,0
2024-12-12 08:00,136,98,38,0,0,0
2024-12-12 08:15,106,79,27,0,0,0
2024-12-12 08:30,95,69,26,0,0,0
2024-12-12 08:45,79,53,26,0,0,0
2024-12-12 09:00,37,28,9,0,0,0
2024-12-12 09:15,46,31,15,0,0,0
2024-12-12 09:30,40,32,8,0,0,0
2024-12-12 09:45,40,30,10,0,0,0
2024-12-12 10:00,42,25,17,0,0,0
2024-12-12 10:15,37,26,11,0,0,0
2024-12-12 10:30,36,20,16,0,0,0
2024-12-12 10:45,53,41,12,0,0,0
2024-12-12 11:00,23,11,12,0,0,0
2024-12-12 11:15,33,24,9,0,0,0
2024-12-12 11:30,43,20,23,0,0,0
2024-12-12 11:45,44,22,22,0,0,0
2024-12-12 12:00,34,13,21,0,0,0
2024-12-12 12:15,29,9,20,0,0,0
2024-12-12 12:30,39,9,30,0,0,0
2024-12-12 12:45,41,15,26,0,0,0
2024-12-12 13:00,54,20,34,0,0,0
2024-12-12 13:15,56,15,41,0,0,0
2024-12-12 13:30,41,20,21,0,0,0
2024-12-12 13:45,50,22,28,0,0,0
2024-12-12 14:00,64,15,49,0,0,0
2024-12-12 14:15,74,29,45,0,0,0
2024-12-12 14:30,59,32,27,0,0,0
2024-12-12 14:45,68,31,37,0,0,0
2024-12-12 15:00,78,32,46,0,0,0
2024-12-12 15:15,73,24,49,0,0,0
2024-12-12 15:30,60,23,37,0,0,0
2024-12-12 15:45,149,35,114,0,0,0
2024-12-12 16:00,99,24,75,0,0,0
2024-12-12 16:15,90,32,58,0,0,0
2024-12-12 16:30,65,31,34,0,0,0
2024-12-12 16:45,66,33,33,0,0,0
2024-12-12 17:00,86,37,49,0,0,0
2024-12-12 17:15,73,42,31,0,0,0
2024-12-12 17:30,52,24,28,0,0,0
2024-12-12 17:45,72,36,36,0,0,0
2024-12-12 18:00,64,23,41,0,0,0
2024-12-12 18:15,70,23,47,0,0,0
2024-12-12 18:30,41,10,31,0,0,0
2024-12-12 18:45,48,18,30,0,0,0
2024-12-12 19:00,46,13,33,0,0,0
2024-12-12 19:15,52,15,37,0,0,0
2024-12-12 19:30,48,16,32,0,0,0
2024-12-12 19:45,23,7,16,0,0,0
2024-12-12 20:00,27,5,22,0,0,0
2024-12-12 20:15,31,8,23,0,0,0
2024-12-12 20:30,20,4,16,0,0,0
2024-12-12 20:45,25,12,13,0,0,0
2024-12-12 21:00,18,7,11,0,0,0
2024-12-12 21:15,19,2,17,0,0,0
2024-12-12 21:30,17,3,14,0,0,0
2024-12-12 21:45,24,6,18,0,0,0
2024-12-12 22:00,18,3,15,0,0,0
2024-12-12 22:15,13,6,7,0,0,0
2024-12-12 22:30,16,2,14,0,0,0
2024-12-12 22:45,20,5,15,0,0,0
2024-12-12 23:00,20,3,17,0,0,0
2024-12-12 23:15,13,8,5,0,0,0
2024-12-12 23:30,10,4,6,0,0,0
2024-12-12 23:45,5,3,2,0,0,0
2024-12-13 00:00,6,5,1,0,0,0
2024-12-13 00:15,4,2,2,0,0,0
2024-12-13 00:30,1,0,1,0,0,0
2024-12-13 00:45,2,1,1,0,0,0
2024-12-13 01:00,3,1,2,0,0,0
2024-12-13 01:15,1,1,0,0,0,0
2024-12-13 01:30,1,0,1,0,0,0
2024-12-13 01:45,1,0,1,0,0,0
2024-12-13 02:00,4,1,3,0,0,0
2024-12-13 02:15,0,0,0,0,0,0
2024-12-13 02:30,0,0,0,0,0,0
2024-12-13 02:45,0,0,0,0,0,0
2024-12-13 03:00,1,0,1,0,0,0
2024-12-13 03:15,2,0,2,0,0,0
2024-12-13 03:30,3,3,0,0,0,0
2024-12-13 03:45,1,0,1,0,0,0
2024-12-13 04:00,0,0,0,0,0,0
2024-12-13 04:15,1,1,0,0,0,0
2024-12-13 04:30,1,0,1,0,0,0
2024-12-13 04:45,1,1,0,0,0,0
2024-12-13 05:00,11,2,9,0,0,0
2024-12-13 05:15,6,2,4,0,0,0
2024-12-13 05:30,13,5,8,0,0,0
2024-12-13 05:45,22,12,10,0,0,0
2024-12-13 06:00,11,8,3,0,0,0
2024-12-13 06:15,24,15,9,0,0,0
2024-12-13 06:30,34,19,15,0,0,0
2024-12-13 06:45,45,24,21,0,0,0
2024-12-13 07:00,60,39,21,0,0,0
2024-12-13 07:15,133,104,29,0,0,0
2024-12-13 07:30,184,158,26,0,0,0
2024-12-13 07:45,142,109,33,0,0,0
2024-12-13 08:00,89,66,23,0,0,0
2024-12-13 08:15,66,39,27,0,0,0
2024-12-13 08:30,70,48,22,0,0,0
2024-12-13 08:45,62,38,24,0,0,0
2024-12-13 09:00,38,24,14,0,0,0
2024-12-13 09:15,41,29,12,0,0,0
2024-12-13 09:30,46,34,12,0,0,0
2024-12-13 09:45,37,26,11,0,0,0
2024-12-13 10:00,34,28,6,0,0,0
2024-12-13 10:15,22,14,8,0,0,0
2024-12-13 10:30,31,16,15,0,0,0
2024-12-13 10:45,43,21,22,0,0,0
2024-12-13 11:00,24,17,7,0,0,0
2024-12-13 11:15,28,13,15,0,0,0
2024-12-13 11:30,41,19,22,0,0,0
2024-12-13 11:45,51,25,26,0,0,0
2024-12-13 12:00,43,25,18,0,0,0
2024-12-13 12:15,46,15,31,0,0,0
2024-12-13 12:30,70,31,39,0,0,0
2024-12-13 12:45,69,33,36,0,0,0
2024-12-13 13:00,80,31,49,0,0,0
2024-12-13 13:15,144,24,120,0,0,0
2024-12-13 13:30,91,20,71,0,0,0
2024-12-13 13:45,96,37,59,0,0,0
2024-12-13 14:00,91,38,53,0,0,0
2024-12-13 14:15,84,31,53,0,0,0
2024-12-13 14:30,67,30,37,0,0,0
2024-12-13 14:45,74,35,39,0,0,0
2024-12-13 15:00,72,34,38,0,0,0
2024-12-13 15:15,86,44,42,0,0,0
2024-12-13 15:30,69,35,34,0,0,0
2024-12-13 15:45,81,38,43,0,0,0
2024-12-13 16:00,60,27,33,0,0,0
2024-12-13 16:15,64,28,36,0,0,0
2024-12-13 16:30,67,26,41,0,0,0
2024-12-13 16:45,65,27,38,0,0,0
2024-12-13 17:00,73,34,39,0,0,0
2024-12-13 17:15,65,35,30,0,0,0
2024-12-13 17:30,69,39,30,0,0,0
2024-12-13 17:45,74,50,24,0,0,0
2024-12-13 18:00,72,40,32,0,0,0
2024-12-13 18:15,53,23,30,0,0,0
2024-12-13 18:30,40,19,21,0,0,0
2024-12-13 18:45,48,27,21,0,0,0
2024-12-13 19:00,34,10,24,0,0,0
2024-12-13 19:15,20,9,11,0,0,0
2024-12-13 19:30,21,7,14,0,0,0
2024-12-13 19:45,15,8,7,0,0,0
2024-12-13 20:00,31,6,25,0,0,0
2024-12-13 20:15,22,9,13,0,0,0
2024-12-13 20:30,20,7,13,0,0,0
2024-12-13 20:45,22,8,14,0,0,0
2024-12-13 21:00,18,6,12,0,0,0
2024-12-13 21:15,31,11,20,0,0,0
2024-12-13 21:30,24,7,17,0,0,0
2024-12-13 21:45,20,6,14,0,0,0
2024-12-13 22:00,25,14,11,0,0,0
2024-12-13 22:15,11,4,7,0,0,0
2024-12-13 22:30,9,0,9,0,0,0
2024-12-13 22:45,19,4,15,0,0,0
2024-12-13 23:00,23,3,20,0,0,0
2024-12-13 23:15,14,5,9,0,0,0
2024-12-13 23:30,17,5,12,0,0,0
2024-12-13 23:45,20,5,15,0,0,0
2024-12-14 00:00,19,12,7,0,0,0
2024-12-14 00:15,13,3,10,0,0,0
2024-12-14 00:30,14,1,13,0,0,0
2024-12-14 00:45,8,4,4,0,0,0
2024-12-14 01:00,12,1,11,0,0,0
2024-12-14 01:15,5,1,4,0,0,0
2024-12-14 01:30,6,5,1,0,0,0
2024-12-14 01:45,2,1,1,0,0,0
2024-12-14 02:00,3,1,2,0,0,0
2024-12-14 02:15,7,0,7,0,0,0
2024-12-14 02:30,6,3,3,0,0,0
2024-12-14 02:45,12,1,11,0,0,0
2024-12-14 03:00,4,0,4,0,0,0
2024-12-14 03:15,10,7,3,0,0,0
2024-12-14 03:30,4,1,3,0,0,0
2024-12-14 03:45,3,1,2,0,0,0
2024-12-14 04:00,1,0,1,0,0,0
2024-12-14 04:15,1,1,0,0,0,0
2024-12-14 04:30,0,0,0,0,0,0
2024-12-14 04:45,1,0,1,0,0,0
2024-12-14 05:00,2,2,0,0,0,0
2024-12-14 05:15,2,2,0,0,0,0
2024-12-14 05:30,4,3,1,0,0,0
2024-12-14 05:45,5,3,2,0,0,0
2024-12-14 06:00,1,0,1,0,0,0
2024-12-14 06:15,4,2,2,0,0,0
2024-12-14 06:30,4,2,2,0,0,0
2024-12-14 06:45,5,4,1,0,0,0
2024-12-14 07:00,1,0,1,0,0,0
2024-12-14 07:15,4,2,2,0,0,0
2024-12-14 07:30,8,5,3,0,0,0
2024-12-14 07:45,5,1,4,0,0,0
2024-12-14 08:00,6,5,1,0,0,0
2024-12-14 08:15,10,6,4,0,0,0
2024-12-14 08:30,13,8,5,0,0,0
2024-12-14 08:45,22,15,7,0,0,0
2024-12-14 09:00,18,11,7,0,0,0
2024-12-14 09:15,12,10,2,0,0,0
2024-12-14 09:30,24,15,9,0,0,0
2024-12-14 09:45,27,19,8,0,0,0
2024-12-14 10:00,11,7,4,0,0,0
2024-12-14 10:15,27,18,9,0,0,0
2024-12-14 10:30,30,18,12,0,0,0
2024-12-14 10:45,31,18,13,0,0,0
2024-12-14 11:00,24,13,11,0,0,0
2024-12-14 11:15,32,21,11,0,0,0
2024-12-14 11:30,29,23,6,0,0,0
2024-12-14 11:45,25,15,10,0,0,0
2024-12-14 12:00,39,19,20,0,0,0
2024-12-14 12:15,35,15,20,0,0,0
2024-12-14 12:30,37,17,20,0,0,0
2024-12-14 12:45,22,9,13,0,0,0
2024-12-14 13:00,48,24,24,0,0,0
2024-12-14 13:15,36,15,21,0,0,0
2024-12-14 13:30,30,17,13,0,0,0
2024-12-14 13:45,20,13,7,0,0,0
2024-12-14 14:00,40,23,17,0,0,0
2024-12-14 14:15,32,14,18,0,0,0
2024-12-14 14:30,35,18,17,0,0,0
2024-12-14 14:45,40,13,27,0,0,0
2024-12-14 15:00,41,20,21,0,0,0
2024-12-14 15:15,37,18,19,0,0,0
2024-12-14 15:30,31,13,18,0,0,0
2024-12-14 15:45,42,25,17,0,0,0
2024-12-14 16:00,32,13,19,0,0,0
2024-12-14 16:15,38,18,20,0,0,0
2024-12-14 16:30,30,17,13,0,0,0
2024-12-14 16:45,24,11,13,0,0,0
2024-12-14 17:00,39,24,15,0,0,0
2024-12-14 17:15,23,10,13,0,0,0
2024-12-14 17:30,28,10,18,0,0,0
2024-12-14 17:45,28,19,9,0,0,0
2024-12-14 18:00,25,10,15,0,0,0
2024-12-14 18:15,27,18,9,0,0,0
2024-12-14 18:30,27,8,19,0,0,0
2024-12-14 18:45,31,20,11,0,0,0
2024-12-14 19:00,25,7,18,0,0,0
2024-12-14 19:15,11,4,7,0,0,0
2024-12-14 19:30,21,8,13,0,0,0
2024-12-14 19:45,18,7,11,0,0,0
2024-12-14 20:00,23,6,17,0,0,0
2024-12-14 20:15,11,4,7,0,0,0
2024-12-14 20:30,18,4,14,0,0,0
2024-12-14 20:45,23,5,18,0,0,0
2024-12-14 21:00,12,4,8,0,0,0
2024-12-14 21:15,13,1,12,0,0,0
2024-12-14 21:30,9,3,6,0,0,0
2024-12-14 21:45,12,2,10,0,0,0
2024-12-14 22:00,13,1,12,0,0,0
2024-12-14 22:15,12,3,9,0,0,0
2024-12-14 22:30,19,7,12,0,0,0
2024-12-14 22:45,24,6,18,0,0,0
2024-12-14 23:00,13,3,10,0,0,0
2024-12-14 23:15,19,2,17,0,0,0
2024-12-14 23:30,11,3,8,0,0,0
2024-12-14 23:45,11,2,9,0,0,0
2024-12-15 00:00,20,6,14,0,0,0
2024-12-15 00:15,9,6,3,0,0,0
2024-12-15 00:30,7,3,4,0,0,0
2024-12-15 00:45,6,2,4,0,0,0
2024-12-15 01:00,11,5,6,0,0,0
2024-12-15 01:15,4,3,1,0,0,0
2024-12-15 01:30,5,4,1,0,0,0
2024-12-15 01:45,7,6,1,0,0,0
2024-12-15 02:00,10,6,4,0,0,0
2024-12-15 02:15,3,0,3,0,0,0
2024-12-15 02:30,3,3,0,0,0,0
2024-12-15 02:45,7,4,3,0,0,0
2024-12-15 03:00,4,1,3,0,0,0
2024-12-15 03:15,2,0,2,0,0,0
2024-12-15 03:30,1,0,1,0,0,0
2024-12-15 03:45,2,0,2,0,0,0
2024-12-15 04:00,0,0,0,0,0,0
2024-12-15 04:15,0,0,0,0,0,0
2024-12-15 04:30,1,1,0,0,0,0
2024-12-15 04:45,2,0,2,0,0,0
2024-12-15 05:00,2,2,0,0,0,0
2024-12-15 05:15,1,1,0,0,0,0
2024-12-15 05:30,4,2,2,0,0,0
2024-12-15 05:45,3,2,1,0,0,0
2024-12-15 06:00,3,3,0,0,0,0
2024-12-15 06:15,4,2,2,0,0,0
2024-12-15 06:30,4,1,3,0,0,0
2024-12-15 06:45,1,1,0,0,0,0
2024-12-15 07:00,1,0,1,0,0,0
2024-12-15 07:15,2,2,0,0,0,0
2024-12-15 07:30,2,1,1,0,0,0
2024-12-15 07:45,2,2,0,0,0,0
2024-12-15 08:00,5,3,2,0,0,0
2024-12-15 08:15,2,2,0,0,0,0
2024-12-15 08:30,5,5,0,0,0,0
2024-12-15 08:45,4,4,0,0,0,0
2024-12-15 09:00,6,2,4,0,0,0
2024-12-15 09:15,11,11,0,0,0,0
2024-12-15 09:30,12,3,9,0,0,0
2024-12-15 09:45,20,12,8,0,0,0
2024-12-15 10:00,9,6,3,0,0,0
2024-12-15 10:15,17,12,5,0,0,0
2024-12-15 10:30,16,9,7,0,0,0
2024-12-15 10:45,26,14,12,0,0,0
2024-12-15 11:00,11,5,6,0,0,0
2024-12-15 11:15,19,10,9,0,0,0
2024-12-15 11:30,17,9,8,0,0,0
2024-12-15 11:45,19,7,12,0,0,0
2024-12-15 12:00,24,11,13,0,0,0
2024-12-15 12:15,20,9,11,0,0,0
2024-12-15 12:30,29,20,9,0,0,0
2024-12-15 12:45,13,8,5,0,0,0
2024-12-15 13:00,25,9,16,0,0,0
2024-12-15 13:15,22,15,7,0,0,0
2024-12-15 13:30,16,9,7,0,0,0
2024-12-15 13:45,21,14,7,0,0,0
2024-12-15 14:00,35,17,18,0,0,0
2024-12-15 14:15,35,13,22,0,0,0
2024-12-15 14:30,20,14,6,0,0,0
2024-12-15 14:45,38,20,18,0,0,0
2024-12-15 15:00,18,8,10,0,0,0
2024-12-15 15:15,42,20,22,0,0,0
2024-12-15 15:30,23,14,9,0,0,0
2024-12-15 15:45,29,13,16,0,0,0
2024-12-15 16:00,31,18,13,0,0,0
2024-12-15 16:15,31,13,18,0,0,0
2024-12-15 16:30,21,15,6,0,0,0
2024-12-15 16:45,28,10,18,0,0,0
2024-12-15 17:00,17,4,13,0,0,0
2024-12-15 17:15,16,4,12,0,0,0
2024-12-15 17:30,15,6,9,0,0,0
2024-12-15 17:45,39,23,16,0,0,0
2024-12-15 18:00,21,7,14,0,0,0
2024-12-15 18:15,19,8,11,0,0,0
2024-12-15 18:30,12,7,5,0,0,0
2024-12-15 18:45,34,9,25,0,0,0
2024-12-15 19:00,30,9,21,0,0,0
2024-12-15 19:15,18,13,5,0,0,0
2024-12-15 19:30,13,2,11,0,0,0
2024-12-15 19:45,7,1,6,0,0,0
2024-12-15 20:00,9,2,7,0,0,0
2024-12-15 20:15,20,8,12,0,0,0
2024-12-15 20:30,11,7,4,0,0,0
2024-12-15 20:45,12,5,7,0,0,0
2024-12-15 21:00,13,8,5,0,0,0
2024-12-15 21:15,4,2,2,0,0,0
2024-12-15 21:30,5,0,5,0,0,0
2024-12-15 21:45,5,2,3,0,0,0
2024-12-15 22:00,11,3,8,0,0,0
2024-12-15 22:15,9,3,6,0,0,0
2024-12-15 22:30,2,0,2,0,0,0
2024-12-15 22:45,5,2,3,0,0,0
2024-12-15 23:00,2,0,2,0,0,0
2024-12-15 23:15,2,0,2,0,0,0
2024-12-15 23:30,2,0,2,0,0,0
2024-12-15 23:45,0,0,0,0,0,0
2024-12-16 00:00,1,0,1,0,0,0
2024-12-16 00:15,1,0,1,0,0,0
2024-12-16 00:30,0,0,0,0,0,0
2024-12-16 00:45,1,1,0,0,0,0
2024-12-16 01:00,0,0,0,0,0,0
2024-12-16 01:15,2,1,1,0,0,0
2024-12-16 01:30,0,0,0,0,0,0
2024-12-16 01:45,0,0,0,0,0,0
2024-12-16 02:00,0,0,0,0,0,0
2024-12-16 02:15,0,0,0,0,0,0
2024-12-16 02:30,0,0,0,0,0,0
2024-12-16 02:45,0,0,0,0,0,0
2024-12-16 03:00,1,1,0,0,0,0
2024-12-16 03:15,1,1,0,0,0,0
2024-12-16 03:30,2,0,2,0,0,0
2024-12-16 03:45,1,0,1,0,0,0
2024-12-16 04:00,0,0,0,0,0,0
2024-12-16 04:15,2,2,0,0,0,0
2024-12-16 04:30,5,0,5,0,0,0
2024-12-16 04:45,3,1,2,0,0,0
2024-12-16 05:00,12,7,5,0,0,0
2024-12-16 05:15,10,5,5,0,0,0
2024-12-16 05:30,10,5,5,0,0,0
2024-12-16 05:45,27,12,15,0,0,0
2024-12-16 06:00,16,12,4,0,0,0
2024-12-16 06:15,21,14,7,0,0,0
2024-12-16 06:30,36,18,18,0,0,0
2024-12-16 06:45,44,28,16,0,0,0
2024-12-16 07:00,65,40,25,0,0,0
2024-12-16 07:15,126,110,16,0,0,0
2024-12-16 07:30,210,182,28,0,0,0
2024-12-16 07:45,160,132,28,0,0,0
2024-12-16 08:00,135,99,36,0,0,0
2024-12-16 08:15,98,63,35,0,0,0
2024-12-16 08:30,71,49,22,0,0,0
2024-12-16 08:45,70,50,20,0,0,0
2024-12-16 09:00,38,23,15,0,0,0
2024-12-16 09:15,40,33,7,0,0,0
2024-12-16 09:30,40,31,9,0,0,0
2024-12-16 09:45,43,31,12,0,0,0
2024-12-16 10:00,26,17,9,0,0,0
2024-12-16 10:15,31,15,16,0,0,0
2024-12-16 10:30,19,13,6,0,0,0
2024-12-16 10:45,41,24,17,0,0,0
2024-12-16 11:00,34,22,12,0,0,0
2024-12-16 11:15,22,10,12,0,0,0
2024-12-16 11:30,37,12,25,0,0,0
2024-12-16 11:45,27,14,13,0,0,0
2024-12-16 12:00,36,15,21,0,0,0
2024-12-16 12:15,36,18,18,0,0,0
2024-12-16 12:30,38,10,28,0,0,0
2024-12-16 12:45,46,17,29,0,0,0
2024-12-16 13:00,39,9,30,0,0,0
2024-12-16 13:15,44,16,28,0,0,0
2024-12-16 13:30,41,15,26,0,0,0
2024-12-16 13:45,49,26,23,0,0,0
2024-12-16 14:00,65,25,40,0,0,0
2024-12-16 14:15,62,25,37,0,0,0
2024-12-16 14:30,63,21,42,0,0,0
2024-12-16 14:45,54,19,35,0,0,0
2024-12-16 15:00,80,23,57,0,0,0
2024-12-16 15:15,70,22,48,0,0,0
2024-12-16 15:30,85,22,63,0,0,0
2024-12-16 15:45,110,21,89,0,0,0
2024-12-16 16:00,97,31,66,0,0,0
2024-12-16 16:15,74,40,34,0,0,0
2024-12-16 16:30,73,38,35,0,0,0
2024-12-16 16:45,87,41,46,0,0,0
2024-12-16 17:00,63,23,40,0,0,0
2024-12-16 17:15,74,34,40,0,0,0
2024-12-16 17:30,84,42,42,0,0,0
2024-12-16 17:45,74,47,27,0,0,0
2024-12-16 18:00,46,17,29,0,0,0
2024-12-16 18:15,74,23,51,0,0,0
2024-12-16 18:30,55,18,37,0,0,0
2024-12-16 18:45,46,24,22,0,0,0
2024-12-16 19:00,36,10,26,0,0,0
2024-12-16 19:15,30,13,17,0,0,0
2024-12-16 19:30,31,10,21,0,0,0
2024-12-16 19:45,34,11,23,0,0,0
2024-12-16 20:00,31,9,22,0,0,0
2024-12-16 20:15,20,2,18,0,0,0
2024-12-16 20:30,18,1,17,0,0,0
2024-12-16 20:45,29,6,23,0,0,0
2024-12-16 21:00,16,3,13,0,0,0
2024-12-16 21:15,17,4,13,0,0,0
2024-12-16 21:30,9,1,8,0,0,0
2024-12-16 21:45,15,2,13,0,0,0
2024-12-16 22:00,16,3,13,0,0,0
2024-12-16 22:15,9,2,7,0,0,0
2024-12-16 22:30,11,6,5,0,0,0
2024-12-16 22:45,9,5,4,0,0,0
2024-12-16 23:00,15,7,8,0,0,0
2024-12-16 23:15,7,4,3,0,0,0
2024-12-16 23:30,3,1,2,0,0,0
2024-12-16 23:45,2,0,2,0,0,0
2024-12-17 00:00,2,1,1,0,0,0
2024-12-17 00:15,1,0,1,0,0,0
2024-12-17 00:30,0,0,0,0,0,0
2024-12-17 00:45,2,1,1,0,0,0
2024-12-17 01:00,0,0,0,0,0,0
2024-12-17 01:15,0,0,0,0,0,0
2024-12-17 01:30,5,1,4,0,0,0
2024-12-17 01:45,0,0,0,0,0,0
2024-12-17 02:00,0,0,0,0,0,0
2024-12-17 02:15,0,0,0,0,0,0
2024-12-17 02:30,1,0,1,0,0,0
2024-12-17 02:45,1,0,1,0,0,0
2024-12-17 03:00,3,3,0,0,0,0
2024-12-17 03:15,0,0,0,0,0,0
2024-12-17 03:30,1,0,1,0,0,0
2024-12-17 03:45,0,0,0,0,0,0
2024-12-17 04:00,1,1,0,0,0,0
2024-12-17 04:15,1,1,0,0,0,0
2024-12-17 04:30,3,1,2,0,0,0
2024-12-17 04:45,3,1,2,0,0,0
2024-12-17 05:00,7,3,4,0,0,0
2024-12-17 05:15,10,4,6,0,0,0
2024-12-17 05:30,16,10,6,0,0,0
2024-12-17 05:45,26,16,10,0,0,0
2024-12-17 06:00,16,12,4,0,0,0
2024-12-17 06:15,31,21,10,0,0,0
2024-12-17 06:30,38,22,16,0,0,0
2024-12-17 06:45,61,30,31,0,0,0
2024-12-17 07:00,66,41,25,0,0,0
2024-12-17 07:15,118,98,20,0,0,0
2024-12-17 07:30,224,202,22,0,0,0
2024-12-17 07:45,177,134,43,0,0,0
2024-12-17 08:00,138,98,40,0,0,0
2024-12-17 08:15,92,64,28,0,0,0
2024-12-17 08:30,80,54,26,0,0,0
2024-12-17 08:45,72,52,20,0,0,0
2024-12-17 09:00,43,30,13,0,0,0
2024-12-17 09:15,45,27,18,0,0,0
2024-12-17 09:30,86,54,32,0,0,0
2024-12-17 09:45,43,35,8,0,0,0
2024-12-17 10:00,47,36,11,0,0,0
2024-12-17 10:15,30,21,9,0,0,0
2024-12-17 10:30,34,22,12,0,0,0
2024-12-17 10:45,31,20,11,0,0,0
2024-12-17 11:00,33,15,18,0,0,0
2024-12-17 11:15,30,13,17,0,0,0
2024-12-17 11:30,36,19,17,0,0,0
2024-12-17 11:45,49,25,24,0,0,0
2024-12-17 12:00,44,20,24,0,0,0
2024-12-17 12:15,41,16,25,0,0,0
2024-12-17 12:30,61,30,31,0,0,0
2024-12-17 12:45,56,16,40,0,0,0
2024-12-17 13:00,54,14,40,0,0,0
2024-12-17 13:15,128,21,107,0,0,0
2024-12-17 13:30,79,28,51,0,0,0
2024-12-17 13:45,79,27,52,0,0,0
2024-12-17 14:00,80,19,61,0,0,0
2024-12-17 14:15,87,50,37,0,0,0
2024-12-17 14:30,57,21,36,0,0,0
2024-12-17 14:45,70,30,40,0,0,0
2024-12-17 15:00,64,28,36,0,0,0
2024-12-17 15:15,94,47,47,0,0,0
2024-12-17 15:30,78,25,53,0,0,0
2024-12-17 15:45,85,35,50,0,0,0
2024-12-17 16:00,76,35,41,0,0,0
2024-12-17 16:15,66,35,31,0,0,0
2024-12-17 16:30,100,42,58,0,0,0
2024-12-17 16:45,99,55,44,0,0,0
2024-12-17 17:00,91,38,53,0,0,0
2024-12-17 17:15,76,29,47,0,0,0
2024-12-17 17:30,97,45,52,0,0,0
2024-12-17 17:45,94,47,47,0,0,0
2024-12-17 18:00,56,31,25,0,0,0
2024-12-17 18:15,92,33,59,0,0,0
2024-12-17 18:30,48,21,27,0,0,0
2024-12-17 18:45,56,23,33,0,0,0
2024-12-17 19:00,56,13,43,0,0,0
2024-12-17 19:15,41,10,31,0,0,0
2024-12-17 19:30,34,10,24,0,0,0
2024-12-17 19:45,32,12,20,0,0,0
2024-12-17 20:00,41,12,29,0,0,0
2024-12-17 20:15,44,8,36,0,0,0
2024-12-17 20:30,29,8,21,0,0,0
2024-12-17 20:45,16,3,13,0,0,0
2024-12-17 21:00,24,3,21,0,0,0
2024-12-17 21:15,14,1,13,0,0,0
2024-12-17 21:30,18,3,15,0,0,0
2024-12-17 21:45,33,5,28,0,0,0
2024-12-17 22:00,23,5,18,0,0,0
2024-12-17 22:15,23,7,16,0,0,0
2024-12-17 22:30,11,3,8,0,0,0
2024-12-17 22:45,19,4,15,0,0,0
2024-12-17 23:00,14,6,8,0,0,0
2024-12-17 23:15,9,4,5,0,0,0
2024-12-17 23:30,15,8,7,0,0,0
2024-12-17 23:45,5,0,5,0,0,0
2024-12-18 00:00,1,1,0,0,0,0
2024-12-18 00:15,3,1,2,0,0,0
2024-12-18 00:30,5,3,2,0,0,0
2024-12-18 00:45,2,1,1,0,0,0
2024-12-18 01:00,0,0,0,0,0,0
2024-12-18 01:15,2,2,0,0,0,0
2024-12-18 01:30,1,0,1,0,0,0
2024-12-18 01:45,0,0,0,0,0,0
2024-12-18 02:00,0,0,0,0,0,0
2024-12-18 02:15,0,0,0,0,0,0
2024-12-18 02:30,0,0,0,0,0,0
2024-12-18 02:45,2,2,0,0,0,0
2024-12-18 03:00,1,1,0,0,0,0
2024-12-18 03:15,0,0,0,0,0,0
2024-12-18 03:30,0,0,0,0,0,0
2024-12-18 03:45,1,0,1,0,0,0
2024-12-18 04:00,0,0,0,0,0,0
2024-12-18 04:15,1,1,0,0,0,0
2024-12-18 04:30,0,0,0,0,0,0
2024-12-18 04:45,4,1,3,0,0,0
2024-12-18 05:00,9,4,5,0,0,0
2024-12-18 05:15,6,2,4,0,0,0
2024-12-18 05:30,18,9,9,0,0,0
2024-12-18 05:45,26,18,8,0,0,0
2024-12-18 06:00,18,12,6,0,0,0
2024-12-18 06:15,37,20,17,0,0,0
2024-12-18 06:30,35,25,10,0,0,0
2024-12-18 06:45,50,25,25,0,0,0
2024-12-18 07:00,63,47,16,0,0,0
2024-12-18 07:15,146,118,28,0,0,0
2024-12-18 07:30,198,170,28,0,0,0
2024-12-18 07:45,161,120,41,0,0,0
2024-12-18 08:00,144,100,44,0,0,0
2024-12-18 08:15,85,63,22,0,0,0
2024-12-18 08:30,82,56,26,0,0,0
2024-12-18 08:45,58,39,19,0,0,0
2024-12-18 09:00,51,34,17,0,0,0
2024-12-18 09:15,62,46,16,0,0,0
2024-12-18 09:30,76,51,25,0,0,0
2024-12-18 09:45,45,41,4,0,0,0
2024-12-18 10:00,47,25,22,0,0,0
2024-12-18 10:15,44,30,14,0,0,0
2024-12-18 10:30,37,24,13,0,0,0
2024-12-18 10:45,37,18,19,0,0,0
2024-12-18 11:00,40,25,15,0,0,0
2024-12-18 11:15,36,22,14,0,0,0
2024-12-18 11:30,37,23,14,0,0,0
2024-12-18 11:45,35,14,21,0,0,0
2024-12-18 12:00,53,21,32,0,0,0
2024-12-18 12:15,50,16,34,0,0,0
2024-12-18 12:30,45,12,33,0,0,0
2024-12-18 12:45,56,21,35,0,0,0
2024-12-18 13:00,62,23,39,0,0,0
2024-12-18 13:15,58,15,43,0,0,0
2024-12-18 13:30,43,10,33,0,0,0
2024-12-18 13:45,26,12,14,0,0,0
2024-12-18 14:00,48,12,36,0,0,0
2024-12-18 14:15,77,31,46,0,0,0
2024-12-18 14:30,62,24,38,0,0,0
2024-12-18 14:45,57,24,33,0,0,0
2024-12-18 15:00,94,36,58,0,0,0
2024-12-18 15:15,63,28,35,0,0,0
2024-12-18 15:30,74,23,51,0,0,0
2024-12-18 15:45,140,43,97,0,0,0
2024-12-18 16:00,131,34,97,0,0,0
2024-12-18 16:15,74,38,36,0,0,0
2024-12-18 16:30,94,40,54,0,0,0
2024-12-18 16:45,92,42,50,0,0,0
2024-12-18 17:00,75,32,43,0,0,0
2024-12-18 17:15,87,49,38,0,0,0
2024-12-18 17:30,86,29,57,0,0,0
2024-12-18 17:45,72,31,41,0,0,0
2024-12-18 18:00,70,24,46,0,0,0
2024-12-18 18:15,69,24,45,0,0,0
2024-12-18 18:30,56,21,35,0,0,0
2024-12-18 18:45,55,24,31,0,0,0
2024-12-18 19:00,29,8,21,0,0,0
2024-12-18 19:15,43,10,33,0,0,0
2024-12-18 19:30,29,11,18,0,0,0
2024-12-18 19:45,26,11,15,0,0,0
2024-12-18 20:00,33,8,25,0,0,0
2024-12-18 20:15,21,7,14,0,0,0
2024-12-18 20:30,33,7,26,0,0,0
2024-12-18 20:45,28,13,15,0,0,0
2024-12-18 21:00,18,6,12,0,0,0
2024-12-18 21:15,13,5,8,0,0,0
2024-12-18 21:30,25,4,21,0,0,0
2024-12-18 21:45,16,3,13,0,0,0
2024-12-18 22:00,25,3,22,0,0,0
2024-12-18 22:15,15,3,12,0,0,0
2024-12-18 22:30,17,4,13,0,0,0
2024-12-18 22:45,18,4,14,0,0,0
2024-12-18 23:00,18,8,10,0,0,0
2024-12-18 23:15,6,2,4,0,0,0
2024-12-18 23:30,6,2,4,0,0,0
2024-12-18 23:45,5,1,4,0,0,0
2024-12-19 00:00,5,0,5,0,0,0
2024-12-19 00:15,3,0,3,0,0,0
2024-12-19 00:30,6,2,4,0,0,0
2024-12-19 00:45,6,1,5,0,0,0
2024-12-19 01:00,1,0,1,0,0,0
2024-12-19 01:15,1,1,0,0,0,0
2024-12-19 01:30,2,0,2,0,0,0
2024-12-19 01:45,2,1,1,0,0,0
2024-12-19 02:00,0,0,0,0,0,0
2024-12-19 02:15,0,0,0,0,0,0
2024-12-19 02:30,0,0,0,0,0,0
2024-12-19 02:45,2,0,2,0,0,0
2024-12-19 03:00,0,0,0,0,0,0
2024-12-19 03:15,0,0,0,0,0,0
2024-12-19 03:30,1,0,1,0,0,0
2024-12-19 03:45,1,0,1,0,0,0
2024-12-19 04:00,15,0,15,0,0,0
2024-12-19 04:15,1,0,1,0,0,0
2024-12-19 04:30,0,0,0,0,0,0
2024-12-19 04:45,4,1,3,0,0,0
2024-12-19 05:00,6,3,3,0,0,0
2024-12-19 05:15,4,1,3,0,0,0
2024-12-19 05:30,17,12,5,0,0,0
2024-12-19 05:45,12,6,6,0,0,0
2024-12-19 06:00,11,6,5,0,0,0
2024-12-19 06:15,27,15,12,0,0,0
2024-12-19 06:30,27,16,11,0,0,0
2024-12-19 06:45,50,30,20,0,0,0
2024-12-19 07:00,45,27,18,0,0,0
2024-12-19 07:15,98,82,16,0,0,0
2024-12-19 07:30,157,135,22,0,0,0
2024-12-19 07:45,126,100,26,0,0,0
2024-12-19 08:00,95,61,34,0,0,0
2024-12-19 08:15,80,51,29,0,0,0
2024-12-19 08:30,79,55,24,0,0,0
2024-12-19 08:45,57,41,16,0,0,0
2024-12-19 09:00,58,43,15,0,0,0
2024-12-19 09:15,42,29,13,0,0,0
2024-12-19 09:30,46,33,13,0,0,0
2024-12-19 09:45,42,26,16,0,0,0
2024-12-19 10:00,29,15,14,0,0,0
2024-12-19 10:15,45,27,18,0,0,0
2024-12-19 10:30,30,18,12,0,0,0
2024-12-19 10:45,29,21,8,0,0,0
2024-12-19 11:00,28,16,12,0,0,0
2024-12-19 11:15,35,17,18,0,0,0
2024-12-19 11:30,39,22,17,0,0,0
2024-12-19 11:45,40,27,13,0,0,0
2024-12-19 12:00,18,9,9,0,0,0
2024-12-19 12:15,20,8,12,0,0,0
2024-12-19 12:30,38,10,28,0,0,0
2024-12-19 12:45,32,10,22,0,0,0
2024-12-19 13:00,47,10,37,0,0,0
2024-12-19 13:15,56,23,33,0,0,0
2024-12-19 13:30,41,14,27,0,0,0
2024-12-19 13:45,42,17,25,0,0,0
2024-12-19 14:00,52,21,31,0,0,0
2024-12-19 14:15,50,22,28,0,0,0
2024-12-19 14:30,43,20,23,0,0,0
2024-12-19 14:45,54,25,29,0,0,0
2024-12-19 15:00,47,22,25,0,0,0
2024-12-19 15:15,38,21,17,0,0,0
2024-12-19 15:30,73,27,46,0,0,0
2024-12-19 15:45,122,16,106,0,0,0
2024-12-19 16:00,57,21,36,0,0,0
2024-12-19 16:15,62,32,30,0,0,0
2024-12-19 16:30,58,20,38,0,0,0
2024-12-19 16:45,51,29,22,0,0,0
2024-12-19 17:00,55,25,30,0,0,0
2024-12-19 17:15,56,21,35,0,0,0
2024-12-19 17:30,69,34,35,0,0,0
2024-12-19 17:45,67,32,35,0,0,0
2024-12-19 18:00,53,30,23,0,0,0
2024-12-19 18:15,55,22,33,0,0,0
2024-12-19 18:30,42,20,22,0,0,0
2024-12-19 18:45,37,14,23,0,0,0
2024-12-19 19:00,43,18,25,0,0,0
2024-12-19 19:15,29,16,13,0,0,0
2024-12-19 19:30,28,8,20,0,0,0
2024-12-19 19:45,23,11,12,0,0,0
2024-12-19 20:00,31,6,25,0,0,0
2024-12-19 20:15,13,4,9,0,0,0
2024-12-19 20:30,16,5,11,0,0,0
2024-12-19 20:45,17,3,14,0,0,0
2024-12-19 21:00,16,2,14,0,0,0
2024-12-19 21:15,16,5,11,0,0,0
2024-12-19 21:30,14,1,13,0,0,0
2024-12-19 21:45,21,4,17,0,0,0
2024-12-19 22:00,19,4,15,0,0,0
2024-12-19 22:15,16,4,12,0,0,0
2024-12-19 22:30,10,6,4,0,0,0
2024-12-19 22:45,26,11,15,0,0,0
2024-12-19 23:00,16,3,13,0,0,0
2024-12-19 23:15,19,0,19,0,0,0
2024-12-19 23:30,7,2,5,0,0,0
2024-12-19 23:45,12,0,12,0,0,0
2024-12-20 00:00,17,9,8,0,0,0
2024-12-20 00:15,7,0,7,0,0,0
2024-12-20 00:30,3,1,2,0,0,0
2024-12-20 00:45,4,0,4,0,0,0
2024-12-20 01:00,5,2,3,0,0,0
2024-12-20 01:15,5,3,2,0,0,0
2024-12-20 01:30,1,1,0,0,0,0
2024-12-20 01:45,4,0,4,0,0,0
2024-12-20 02:00,2,1,1,0,0,0
2024-12-20 02:15,0,0,0,0,0,0
2024-12-20 02:30,1,0,1,0,0,0
2024-12-20 02:45,0,0,0,0,0,0
2024-12-20 03:00,1,0,1,0,0,0
2024-12-20 03:15,2,1,1,0,0,0
2024-12-20 03:30,0,0,0,0,0,0
2024-12-20 03:45,3,1,2,0,0,0
2024-12-20 04:00,3,2,1,0,0,0
2024-12-20 04:15,1,1,0,0,0,0
2024-12-20 04:30,0,0,0,0,0,0
2024-12-20 04:45,1,0,1,0,0,0
2024-12-20 05:00,8,3,5,0,0,0
2024-12-20 05:15,5,2,3,0,0,0
2024-12-20 05:30,15,9,6,0,0,0
2024-12-20 05:45,24,14,10,0,0,0
2024-12-20 06:00,11,2,9,0,0,0
2024-12-20 06:15,23,12,11,0,0,0
2024-12-20 06:30,22,15,7,0,0,0
2024-12-20 06:45,40,21,19,0,0,0
2024-12-20 07:00,51,35,16,0,0,0
2024-12-20 07:15,103,80,23,0,0,0
2024-12-20 07:30,180,152,28,0,0,0
2024-12-20 07:45,149,123,26,0,0,0
2024-12-20 08:00,95,63,32,0,0,0
2024-12-20 08:15,72,49,23,0,0,0
2024-12-20 08:30,62,45,17,0,0,0
2024-12-20 08:45,68,48,20,0,0,0
2024-12-20 09:00,38,27,11,0,0,0
2024-12-20 09:15,53,46,7,0,0,0
2024-12-20 09:30,45,33,12,0,0,0
2024-12-20 09:45,39,28,11,0,0,0
2024-12-20 10:00,44,33,11,0,0,0
2024-12-20 10:15,44,35,9,0,0,0
2024-12-20 10:30,43,27,16,0,0,0
2024-12-20 10:45,39,29,10,0,0,0
2024-12-20 11:00,30,18,12,0,0,0
2024-12-20 11:15,38,15,23,0,0,0
2024-12-20 11:30,59,24,35,0,0,0
2024-12-20 11:45,45,23,22,0,0,0
2024-12-20 12:00,65,29,36,0,0,0
2024-12-20 12:15,67,23,44,0,0,0
2024-12-20 12:30,80,28,52,0,0,0
2024-12-20 12:45,86,38,48,0,0,0
2024-12-20 13:00,82,28,54,0,0,0
2024-12-20 13:15,126,26,100,0,0,0
2024-12-20 13:30,99,33,66,0,0,0
2024-12-20 13:45,99,21,78,0,0,0
2024-12-20 14:00,79,28,51,0,0,0
2024-12-20 14:15,80,25,55,0,0,0
2024-12-20 14:30,70,30,40,0,0,0
2024-12-20 14:45,81,39,42,0,0,0
2024-12-20 15:00,90,41,49,0,0,0
2024-12-20 15:15,76,30,46,0,0,0
2024-12-20 15:30,71,40,31,0,0,0
2024-12-20 15:45,78,39,39,0,0,0
2024-12-20 16:00,74,28,46,0,0,0
2024-12-20 16:15,78,35,43,0,0,0
2024-12-20 16:30,72,33,39,0,0,0
2024-12-20 16:45,61,37,24,0,0,0
2024-12-20 17:00,77,37,40,0,0,0
2024-12-20 17:15,55,23,32,0,0,0
2024-12-20 17:30,53,33,20,0,0,0
2024-12-20 17:45,64,34,30,0,0,0
2024-12-20 18:00,49,25,24,0,0,0
2024-12-20 18:15,61,27,34,0,0,0
2024-12-20 18:30,70,33,37,0,0,0
2024-12-20 18:45,60,31,29,0,0,0
2024-12-20 19:00,48,22,26,0,0,0
2024-12-20 19:15,40,18,22,0,0,0
2024-12-20 19:30,22,8,14,0,0,0
2024-12-20 19:45,45,8,37,0,0,0
2024-12-20 20:00,26,12,14,0,0,0
2024-12-20 20:15,39,17,22,0,0,0
2024-12-20 20:30,25,5,20,0,0,0
2024-12-20 20:45,35,13,22,0,0,0
2024-12-20 21:00,26,5,21,0,0,0
2024-12-20 21:15,31,7,24,0,0,0
2024-12-20 21:30,31,9,22,0,0,0
2024-12-20 21:45,21,2,19,0,0,0
2024-12-20 22:00,19,4,15,0,0,0
2024-12-20 22:15,16,7,9,0,0,0
2024-12-20 22:30,14,13,1,0,0,0
2024-12-20 22:45,13,1,12,0,0,0
2024-12-20 23:00,21,8,13,0,0,0
2024-12-20 23:15,21,10,11,0,0,0
2024-12-20 23:30,21,4,17,0,0,0
2024-12-20 23:45,14,2,12,0,0,0
2024-12-21 00:00,15,8,7,0,0,0
2024-12-21 00:15,19,3,16,0,0,0
2024-12-21 00:30,17,6,11,0,0,0
2024-12-21 00:45,9,2,7,0,0,0
2024-12-21 01:00,20,5,15,0,0,0
2024-12-21 01:15,7,3,4,0,0,0
2024-12-21 01:30,12,6,6,0,0,0
2024-12-21 01:45,13,7,6,0,0,0
2024-12-21 02:00,0,0,0,0,0,0
2024-12-21 02:15,10,3,7,0,0,0
2024-12-21 02:30,5,5,0,0,0,0
2024-12-21 02:45,4,0,4,0,0,0
2024-12-21 03:00,5,1,4,0,0,0
2024-12-21 03:15,8,0,8,0,0,0
2024-12-21 03:30,3,0,3,0,0,0
2024-12-21 03:45,3,1,2,0,0,0
2024-12-21 04:00,3,3,0,0,0,0
2024-12-21 04:15,0,0,0,0,0,0
2024-12-21 04:30,1,1,0,0,0,0
2024-12-21 04:45,0,0,0,0,0,0
2024-12-21 05:00,2,1,1,0,0,0
2024-12-21 05:15,2,0,2,0,0,0
2024-12-21 05:30,4,1,3,0,0,0
2024-12-21 05:45,7,6,1,0,0,0
2024-12-21 06:00,1,0,1,0,0,0
2024-12-21 06:15,4,3,1,0,0,0
2024-12-21 06:30,7,5,2,0,0,0
2024-12-21 06:45,7,2,5,0,0,0
2024-12-21 07:00,5,5,0,0,0,0
2024-12-21 07:15,8,5,3,0,0,0
2024-12-21 07:30,7,4,3,0,0,0
2024-12-21 07:45,8,3,5,0,0,0
2024-12-21 08:00,8,5,3,0,0,0
2024-12-21 08:15,10,7,3,0,0,0
2024-12-21 08:30,11,8,3,0,0,0
2024-12-21 08:45,28,17,11,0,0,0
2024-12-21 09:00,25,14,11,0,0,0
2024-12-21 09:15,23,20,3,0,0,0
2024-12-21 09:30,22,16,6,0,0,0
2024-12-21 09:45,29,20,9,0,0,0
2024-12-21 10:00,31,21,10,0,0,0
2024-12-21 10:15,38,20,18,0,0,0
2024-12-21 10:30,32,24,8,0,0,0
2024-12-21 10:45,28,8,20,0,0,0
2024-12-21 11:00,45,33,12,0,0,0
2024-12-21 11:15,41,30,11,0,0,0
2024-12-21 11:30,42,28,14,0,0,0
2024-12-21 11:45,44,26,18,0,0,0
2024-12-21 12:00,49,32,17,0,0,0
2024-12-21 12:15,56,35,21,0,0,0
2024-12-21 12:30,58,31,27,0,0,0
2024-12-21 12:45,34,25,9,0,0,0
2024-12-21 13:00,50,25,25,0,0,0
2024-12-21 13:15,48,22,26,0,0,0
2024-12-21 13:30,41,20,21,0,0,0
2024-12-21 13:45,45,22,23,0,0,0
2024-12-21 14:00,46,20,26,0,0,0
2024-12-21 14:15,58,36,22,0,0,0
2024-12-21 14:30,35,20,15,0,0,0
2024-12-21 14:45,42,15,27,0,0,0
2024-12-21 15:00,43,23,20,0,0,0
2024-12-21 15:15,42,16,26,0,0,0
2024-12-21 15:30,37,20,17,0,0,0
2024-12-21 15:45,36,15,21,0,0,0
2024-12-21 16:00,33,11,22,0,0,0
2024-12-21 16:15,28,6,22,0,0,0
2024-12-21 16:30,39,9,30,0,0,0
2024-12-21 16:45,25,13,12,0,0,0
2024-12-21 17:00,34,14,20,0,0,0
2024-12-21 17:15,16,7,9,0,0,0
2024-12-21 17:30,26,11,15,0,0,0
2024-12-21 17:45,37,15,22,0,0,0
2024-12-21 18:00,13,5,8,0,0,0
2024-12-21 18:15,24,11,13,0,0,0
2024-12-21 18:30,33,18,15,0,0,0
2024-12-21 18:45,18,6,12,0,0,0
2024-12-21 19:00,13,5,8,0,0,0
2024-12-21 19:15,15,7,8,0,0,0
2024-12-21 19:30,30,17,13,0,0,0
2024-12-21 19:45,15,10,5,0,0,0
2024-12-21 20:00,24,11,13,0,0,0
2024-12-21 20:15,8,4,4,0,0,0
2024-12-21 20:30,15,7,8,0,0,0
2024-12-21 20:45,7,5,2,0,0,0
2024-12-21 21:00,11,6,5,0,0,0
2024-12-21 21:15,10,5,5,0,0,0
2024-12-21 21:30,8,2,6,0,0,0
2024-12-21 21:45,4,2,2,0,0,0
2024-12-21 22:00,19,6,13,0,0,0
2024-12-21 22:15,9,1,8,0,0,0
2024-12-21 22:30,9,1,8,0,0,0
2024-12-21 22:45,11,2,9,0,0,0
2024-12-21 23:00,16,1,15,0,0,0
2024-12-21 23:15,8,1,7,0,0,0
2024-12-21 23:30,6,1,5,0,0,0
2024-12-21 23:45,6,0,6,0,0,0
2024-12-22 00:00,7,2,5,0,0,0
2024-12-22 00:15,9,3,6,0,0,0
2024-12-22 00:30,3,0,3,0,0,0
2024-12-22 00:45,11,7,4,0,0,0
2024-12-22 01:00,8,2,6,0,0,0
2024-12-22 01:15,2,0,2,0,0,0
2024-12-22 01:30,5,3,2,0,0,0
2024-12-22 01:45,3,2,1,0,0,0
2024-12-22 02:00,4,3,1,0,0,0
2024-12-22 02:15,0,0,0,0,0,0
2024-12-22 02:30,2,0,2,0,0,0
2024-12-22 02:45,0,0,0,0,0,0
2024-12-22 03:00,4,1,3,0,0,0
2024-12-22 03:15,1,0,1,0,0,0
2024-12-22 03:30,1,0,1,0,0,0
2024-12-22 03:45,3,0,3,0,0,0
2024-12-22 04:00,0,0,0,0,0,0
2024-12-22 04:15,1,0,1,0,0,0
2024-12-22 04:30,1,0,1,0,0,0
2024-12-22 04:45,2,0,2,0,0,0
2024-12-22 05:00,1,1,0,0,0,0
2024-12-22 05:15,3,0,3,0,0,0
2024-12-22 05:30,1,1,0,0,0,0
2024-12-22 05:45,1,1,0,0,0,0
2024-12-22 06:00,3,1,2,0,0,0
2024-12-22 06:15,1,1,0,0,0,0
2024-12-22 06:30,1,0,1,0,0,0
2024-12-22 06:45,4,2,2,0,0,0
2024-12-22 07:00,2,0,2,0,0,0
2024-12-22 07:15,2,1,1,0,0,0
2024-12-22 07:30,7,4,3,0,0,0
2024-12-22 07:45,2,1,1,0,0,0
2024-12-22 08:00,4,2,2,0,0,0
2024-12-22 08:15,4,2,2,0,0,0
2024-12-22 08:30,5,3,2,0,0,0
2024-12-22 08:45,3,1,2,0,0,0
2024-12-22 09:00,4,3,1,0,0,0
2024-12-22 09:15,3,3,0,0,0,0
2024-12-22 09:30,7,4,3,0,0,0
2024-12-22 09:45,11,6,5,0,0,0
2024-12-22 10:00,9,2,7,0,0,0
2024-12-22 10:15,30,14,16,0,0,0
2024-12-22 10:30,13,4,9,0,0,0
2024-12-22 10:45,15,3,12,0,0,0
2024-12-22 11:00,12,3,9,0,0,0
2024-12-22 11:15,10,7,3,0,0,0
2024-12-22 11:30,12,6,6,0,0,0
2024-12-22 11:45,23,11,12,0,0,0
2024-12-22 12:00,8,2,6,0,0,0
2024-12-22 12:15,10,6,4,0,0,0
2024-12-22 12:30,19,8,11,0,0,0
2024-12-22 12:45,9,6,3,0,0,0
2024-12-22 13:00,18,8,10,0,0,0
2024-12-22 13:15,15,9,6,0,0,0
2024-12-22 13:30,12,6,6,0,0,0
2024-12-22 13:45,17,6,11,0,0,0
2024-12-22 14:00,14,6,8,0,0,0
2024-12-22 14:15,25,15,10,0,0,0
2024-12-22 14:30,17,7,10,0,0,0
2024-12-22 14:45,29,17,12,0,0,0
2024-12-22 15:00,20,8,12,0,0,0
2024-12-22 15:15,9,3,6,0,0,0
2024-12-22 15:30,18,13,5,0,0,0
2024-12-22 15:45,14,7,7,0,0,0
2024-12-22 16:00,19,11,8,0,0,0
2024-12-22 16:15,18,13,5,0,0,0
2024-12-22 16:30,21,12,9,0,0,0
2024-12-22 16:45,31,21,10,0,0,0
2024-12-22 17:00,17,12,5,0,0,0
2024-12-22 17:15,14,8,6,0,0,0
2024-12-22 17:30,14,7,7,0,0,0
2024-12-22 17:45,33,19,14,0,0,0
2024-12-22 18:00,8,3,5,0,0,0
2024-12-22 18:15,26,15,11,0,0,0
2024-12-22 18:30,20,12,8,0,0,0
2024-12-22 18:45,18,6,12,0,0,0
2024-12-22 19:00,11,4,7,0,0,0
2024-12-22 19:15,9,0,9,0,0,0
2024-12-22 19:30,12,3,9,0,0,0
2024-12-22 19:45,10,3,7,0,0,0
2024-12-22 20:00,21,12,9,0,0,0
2024-12-22 20:15,12,4,8,0,0,0
2024-12-22 20:30,11,1,10,0,0,0
2024-12-22 20:45,5,3,2,0,0,0
2024-12-22 21:00,5,3,2,0,0,0
2024-12-22 21:15,7,2,5,0,0,0
2024-12-22 21:30,8,2,6,0,0,0
2024-12-22 21:45,7,3,4,0,0,0
2024-12-22 22:00,12,8,4,0,0,0
2024-12-22 22:15,4,2,2,0,0,0
2024-12-22 22:30,12,4,8,0,0,0
2024-12-22 22:45,12,6,6,0,0,0
2024-12-22 23:00,5,1,4,0,0,0
2024-12-22 23:15,4,3,1,0,0,0
2024-12-22 23:30,3,1,2,0,0,0
2024-12-22 23:45,4,0,4,0,0,0
2024-12-23 00:00,8,2,6,0,0,0
2024-12-23 00:15,1,0,1,0,0,0
2024-12-23 00:30,6,2,4,0,0,0
2024-12-23 00:45,4,1,3,0,0,0
2024-12-23 01:00,1,0,1,0,0,0
2024-12-23 01:15,6,0,6,0,0,0
2024-12-23 01:30,5,0,5,0,0,0
2024-12-23 01:45,1,0,1,0,0,0
2024-12-23 02:00,1,0,1,0,0,0
2024-12-23 02:15,5,0,5,0,0,0
2024-12-23 02:30,2,2,0,0,0,0
2024-12-23 02:45,0,0,0,0,0,0
2024-12-23 03:00,1,1,0,0,0,0
2024-12-23 03:15,2,1,1,0,0,0
2024-12-23 03:30,0,0,0,0,0,0
2024-12-23 03:45,0,0,0,0,0,0
2024-12-23 04:00,0,0,0,0,0,0
2024-12-23 04:15,2,2,0,0,0,0
2024-12-23 04:30,2,0,2,0,0,0
2024-12-23 04:45,1,1,0,0,0,0
2024-12-23 05:00,4,0,4,0,0,0
2024-12-23 05:15,7,6,1,0,0,0
2024-12-23 05:30,8,5,3,0,0,0
2024-12-23 05:45,9,7,2,0,0,0
2024-12-23 06:00,4,1,3,0,0,0
2024-12-23 06:15,9,9,0,0,0,0
2024-12-23 06:30,15,10,5,0,0,0
2024-12-23 06:45,14,8,6,0,0,0
2024-12-23 07:00,17,12,5,0,0,0
2024-12-23 07:15,26,19,7,0,0,0
2024-12-23 07:30,36,20,16,0,0,0
2024-12-23 07:45,27,15,12,0,0,0
2024-12-23 08:00,27,11,16,0,0,0
2024-12-23 08:15,34,23,11,0,0,0
2024-12-23 08:30,34,22,12,0,0,0
2024-12-23 08:45,25,16,9,0,0,0
2024-12-23 09:00,38,21,17,0,0,0
2024-12-23 09:15,24,18,6,0,0,0
2024-12-23 09:30,46,32,14,0,0,0
2024-12-23 09:45,47,33,14,0,0,0
2024-12-23 10:00,32,23,9,0,0,0
2024-12-23 10:15,43,32,11,0,0,0
2024-12-23 10:30,32,19,13,0,0,0
2024-12-23 10:45,55,28,27,0,0,0
2024-12-23 11:00,39,27,12,0,0,0
2024-12-23 11:15,52,17,35,0,0,0
2024-12-23 11:30,46,26,20,0,0,0
2024-12-23 11:45,55,27,28,0,0,0
2024-12-23 12:00,57,27,30,0,0,0
2024-12-23 12:15,56,25,31,0,0,0
2024-12-23 12:30,65,36,29,0,0,0
2024-12-23 12:45,37,19,18,0,0,0
2024-12-23 13:00,59,33,26,0,0,0
2024-12-23 13:15,61,24,37,0,0,0
2024-12-23 13:30,56,27,29,0,0,0
2024-12-23 13:45,51,17,34,0,0,0
2024-12-23 14:00,50,28,22,0,0,0
2024-12-23 14:15,52,26,26,0,0,0
2024-12-23 14:30,47,17,30,0,0,0
2024-12-23 14:45,62,31,31,0,0,0
2024-12-23 15:00,57,22,35,0,0,0
2024-12-23 15:15,58,26,32,0,0,0
2024-12-23 15:30,76,36,40,0,0,0
2024-12-23 15:45,63,37,26,0,0,0
2024-12-23 16:00,50,24,26,0,0,0
2024-12-23 16:15,60,35,25,0,0,0
2024-12-23 16:30,45,19,26,0,0,0
2024-12-23 16:45,48,22,26,0,0,0
2024-12-23 17:00,68,40,28,0,0,0
2024-12-23 17:15,33,14,19,0,0,0
2024-12-23 17:30,64,34,30,0,0,0
2024-12-23 17:45,34,15,19,0,0,0
2024-12-23 18:00,48,23,25,0,0,0
2024-12-23 18:15,52,29,23,0,0,0
2024-12-23 18:30,41,18,23,0,0,0
2024-12-23 18:45,28,9,19,0,0,0
2024-12-23 19:00,36,16,20,0,0,0
2024-12-23 19:15,35,13,22,0,0,0
2024-12-23 19:30,33,9,24,0,0,0
2024-12-23 19:45,19,8,11,0,0,0
2024-12-23 20:00,22,7,15,0,0,0
2024-12-23 20:15,19,7,12,0,0,0
2024-12-23 20:30,18,6,12,0,0,0
2024-12-23 20:45,17,4,13,0,0,0
2024-12-23 21:00,14,7,7,0,0,0
2024-12-23 21:15,17,2,15,0,0,0
2024-12-23 21:30,20,5,15,0,0,0
2024-12-23 21:45,14,6,8,0,0,0
2024-12-23 22:00,6,3,3,0,0,0
2024-12-23 22:15,10,3,7,0,0,0
2024-12-23 22:30,13,6,7,0,0,0
2024-12-23 22:45,16,5,11,0,0,0
2024-12-23 23:00,6,3,3,0,0,0
2024-12-23 23:15,8,2,6,0,0,0
2024-12-23 23:30,7,3,4,0,0,0
2024-12-23 23:45,9,1,8,0,0,0
2024-12-24 00:00,6,1,5,0,0,0
2024-12-24 00:15,9,1,8,0,0,0
2024-12-24 00:30,5,1,4,0,0,0
2024-12-24 00:45,4,1,3,0,0,0
2024-12-24 01:00,10,5,5,0,0,0
2024-12-24 01:15,10,4,6,0,0,0
2024-12-24 01:30,7,0,7,0,0,0
2024-12-24 01:45,1,0,1,0,0,0
2024-12-24 02:00,3,0,3,0,0,0
2024-12-24 02:15,2,0,2,0,0,0
2024-12-24 02:30,2,0,2,0,0,0
2024-12-24 02:45,0,0,0,0,0,0
2024-12-24 03:00,2,0,2,0,0,0
2024-12-24 03:15,0,0,0,0,0,0
2024-12-24 03:30,4,0,4,0,0,0
2024-12-24 03:45,0,0,0,0,0,0
2024-12-24 04:00,1,0,1,0,0,0
2024-12-24 04:15,2,1,1,0,0,0
2024-12-24 04:30,2,2,0,0,0,0
2024-12-24 04:45,2,2,0,0,0,0
2024-12-24 05:00,1,0,1,0,0,0
2024-12-24 05:15,3,2,1,0,0,0
2024-12-24 05:30,7,6,1,0,0,0
2024-12-24 05:45,3,2,1,0,0,0
2024-12-24 06:00,1,0,1,0,0,0
2024-12-24 06:15,4,4,0,0,0,0
2024-12-24 06:30,4,3,1,0,0,0
2024-12-24 06:45,11,8,3,0,0,0
2024-12-24 07:00,4,4,0,0,0,0
2024-12-24 07:15,16,9,7,0,0,0
2024-12-24 07:30,13,8,5,0,0,0
2024-12-24 07:45,12,6,6,0,0,0
2024-12-24 08:00,7,5,2,0,0,0
2024-12-24 08:15,12,8,4,0,0,0
2024-12-24 08:30,9,5,4,0,0,0
2024-12-24 08:45,15,7,8,0,0,0
2024-12-24 09:00,14,10,4,0,0,0
2024-12-24 09:15,27,16,11,0,0,0
2024-12-24 09:30,19,11,8,0,0,0
2024-12-24 09:45,30,20,10,0,0,0
2024-12-24 10:00,27,16,11,0,0,0
2024-12-24 10:15,26,16,10,0,0,0
2024-12-24 10:30,27,22,5,0,0,0
2024-12-24 10:45,43,26,17,0,0,0
2024-12-24 11:00,28,12,16,0,0,0
2024-12-24 11:15,33,15,18,0,0,0
2024-12-24 11:30,29,16,13,0,0,0
2024-12-24 11:45,31,11,20,0,0,0
2024-12-24 12:00,49,28,21,0,0,0
2024-12-24 12:15,35,12,23,0,0,0
2024-12-24 12:30,23,11,12,0,0,0
2024-12-24 12:45,35,13,22,0,0,0
2024-12-24 13:00,17,7,10,0,0,0
2024-12-24 13:15,23,4,19,0,0,0
2024-12-24 13:30,30,7,23,0,0,0
2024-12-24 13:45,23,8,15,0,0,0
2024-12-24 14:00,15,2,13,0,0,0
2024-12-24 14:15,25,9,16,0,0,0
2024-12-24 14:30,29,9,20,0,0,0
2024-12-24 14:45,17,7,10,0,0,0
2024-12-24 15:00,14,6,8,0,0,0
2024-12-24 15:15,10,4,6,0,0,0
2024-12-24 15:30,17,8,9,0,0,0
2024-12-24 15:45,13,3,10,0,0,0
2024-12-24 16:00,24,11,13,0,0,0
2024-12-24 16:15,9,2,7,0,0,0
2024-12-24 16:30,9,6,3,0,0,0
2024-12-24 16:45,7,4,3,0,0,0
2024-12-24 17:00,15,5,10,0,0,0
2024-12-24 17:15,9,1,8,0,0,0
2024-12-24 17:30,10,5,5,0,0,0
2024-12-24 17:45,11,9,2,0,0,0
2024-12-24 18:00,12,5,7,0,0,0
2024-12-24 18:15,8,5,3,0,0,0
2024-12-24 18:30,4,1,3,0,0,0
2024-12-24 18:45,2,0,2,0,0,0
2024-12-24 19:00,7,0,7,0,0,0
2024-12-24 19:15,3,1,2,0,0,0
2024-12-24 19:30,7,2,5,0,0,0
2024-12-24 19:45,0,0,0,0,0,0
2024-12-24 20:00,5,4,1,0,0,0
2024-12-24 20:15,0,0,0,0,0,0
2024-12-24 20:30,4,0,4,0,0,0
2024-12-24 20:45,2,1,1,0,0,0
2024-12-24 21:00,1,1,0,0,0,0
2024-12-24 21:15,1,1,0,0,0,0
2024-12-24 21:30,2,1,1,0,0,0
2024-12-24 21:45,4,1,3,0,0,0
2024-12-24 22:00,5,4,1,0,0,0
2024-12-24 22:15,7,3,4,0,0,0
2024-12-24 22:30,7,3,4,0,0,0
2024-12-24 22:45,6,3,3,0,0,0
2024-12-24 23:00,10,6,4,0,0,0
2024-12-24 23:15,4,4,0,0,0,0
2024-12-24 23:30,8,6,2,0,0,0
2024-12-24 23:45,1,1,0,0,0,0
2024-12-25 00:00,9,6,3,0,0,0
2024-12-25 00:15,1,1,0,0,0,0
2024-12-25 00:30,5,2,3,0,0,0
2024-12-25 00:45,7,5,2,0,0,0
2024-12-25 01:00,7,3,4,0,0,0
2024-12-25 01:15,3,2,1,0,0,0
2024-12-25 01:30,0,0,0,0,0,0
2024-12-25 01:45,1,1,0,0,0,0
2024-12-25 02:00,0,0,0,0,0,0
2024-12-25 02:15,8,4,4,0,0,0
2024-12-25 02:30,2,2,0,0,0,0
2024-12-25 02:45,5,3,2,0,0,0
2024-12-25 03:00,1,0,1,0,0,0
2024-12-25 03:15,2,1,1,0,0,0
2024-12-25 03:30,0,0,0,0,0,0
2024-12-25 03:45,0,0,0,0,0,0
2024-12-25 04:00,0,0,0,0,0,0
2024-12-25 04:15,0,0,0,0,0,0
2024-12-25 04:30,1,0,1,0,0,0
2024-12-25 04:45,0,0,0,0,0,0
2024-12-25 05:00,2,2,0,0,0,0
2024-12-25 05:15,0,0,0,0,0,0
2024-12-25 05:30,0,0,0,0,0,0
2024-12-25 05:45,1,1,0,0,0,0
2024-12-25 06:00,0,0,0,0,0,0
2024-12-25 06:15,1,1,0,0,0,0
2024-12-25 06:30,3,2,1,0,0,0
2024-12-25 06:45,2,0,2,0,0,0
2024-12-25 07:00,1,0,1,0,0,0
2024-12-25 07:15,1,1,0,0,0,0
2024-12-25 07:30,1,0,1,0,0,0
2024-12-25 07:45,1,1,0,0,0,0
2024-12-25 08:00,2,1,1,0,0,0
2024-12-25 08:15,1,0,1,0,0,0
2024-12-25 08:30,3,1,2,0,0,0
2024-12-25 08:45,0,0,0,0,0,0
2024-12-25 09:00,1,1,0,0,0,0
2024-12-25 09:15,6,3,3,0,0,0
2024-12-25 09:30,2,2,0,0,0,0
2024-12-25 09:45,5,3,2,0,0,0
2024-12-25 10:00,6,5,1,0,0,0
2024-12-25 10:15,6,3,3,0,0,0
2024-12-25 10:30,5,2,3,0,0,0
2024-12-25 10:45,4,2,2,0,0,0
2024-12-25 11:00,4,1,3,0,0,0
2024-12-25 11:15,4,2,2,0,0,0
2024-12-25 11:30,2,0,2,0,0,0
2024-12-25 11:45,7,4,3,0,0,0
2024-12-25 12:00,14,10,4,0,0,0
2024-12-25 12:15,10,4,6,0,0,0
2024-12-25 12:30,13,12,1,0,0,0
2024-12-25 12:45,18,7,11,0,0,0
2024-12-25 13:00,11,3,8,0,0,0
2024-12-25 13:15,14,7,7,0,0,0
2024-12-25 13:30,7,5,2,0,0,0
2024-12-25 13:45,15,8,7,0,0,0
2024-12-25 14:00,6,3,3,0,0,0
2024-12-25 14:15,12,8,4,0,0,0
2024-12-25 14:30,6,2,4,0,0,0
2024-12-25 14:45,7,3,4,0,0,0
2024-12-25 15:00,13,7,6,0,0,0
2024-12-25 15:15,14,6,8,0,0,0
2024-12-25 15:30,5,1,4,0,0,0
2024-12-25 15:45,12,7,5,0,0,0
2024-12-25 16:00,10,3,7,0,0,0
2024-12-25 16:15,7,4,3,0,0,0
2024-12-25 16:30,16,12,4,0,0,0
2024-12-25 16:45,11,4,7,0,0,0
2024-12-25 17:00,7,5,2,0,0,0
2024-12-25 17:15,10,7,3,0,0,0
2024-12-25 17:30,13,6,7,0,0,0
2024-12-25 17:45,7,4,3,0,0,0
2024-12-25 18:00,5,2,3,0,0,0
2024-12-25 18:15,6,1,5,0,0,0
2024-12-25 18:30,6,3,3,0,0,0
2024-12-25 18:45,13,5,8,0,0,0
2024-12-25 19:00,5,2,3,0,0,0
2024-12-25 19:15,6,5,1,0,0,0
2024-12-25 19:30,10,1,9,0,0,0
2024-12-25 19:45,3,2,1,0,0,0
2024-12-25 20:00,6,3,3,0,0,0
2024-12-25 20:15,6,5,1,0,0,0
2024-12-25 20:30,11,4,7,0,0,0
2024-12-25 20:45,3,2,1,0,0,0
2024-12-25 21:00,7,6,1,0,0,0
2024-12-25 21:15,3,0,3,0,0,0
2024-12-25 21:30,9,5,4,0,0,0
2024-12-25 21:45,3,1,2,0,0,0
2024-12-25 22:00,3,1,2,0,0,0
2024-12-25 22:15,7,1,6,0,0,0
2024-12-25 22:30,4,4,0,0,0,0
2024-12-25 22:45,5,2,3,0,0,0
2024-12-25 23:00,5,3,2,0,0,0
2024-12-25 23:15,4,2,2,0,0,0
2024-12-25 23:30,6,0,6,0,0,0
2024-12-25 23:45,3,2,1,0,0,0
2024-12-26 00:00,1,0,1,0,0,0
2024-12-26 00:15,2,0,2,0,0,0
2024-12-26 00:30,3,1,2,0,0,0
2024-12-26 00:45,3,1,2,0,0,0
2024-12-26 01:00,0,0,0,0,0,0
2024-12-26 01:15,3,2,1,0,0,0
2024-12-26 01:30,2,0,2,0,0,0
2024-12-26 01:45,0,0,0,0,0,0
2024-12-26 02:00,3,0,3,0,0,0
2024-12-26 02:15,0,0,0,0,0,0
2024-12-26 02:30,2,2,0,0,0,0
2024-12-26 02:45,2,1,1,0,0,0
2024-12-26 03:00,0,0,0,0,0,0
2024-12-26 03:15,0,0,0,0,0,0
2024-12-26 03:30,3,0,3,0,0,0
2024-12-26 03:45,0,0,0,0,0,0
2024-12-26 04:00,1,0,1,0,0,0
2024-12-26 04:15,0,0,0,0,0,0
2024-12-26 04:30,0,0,0,0,0,0
2024-12-26 04:45,0,0,0,0,0,0
2024-12-26 05:00,0,0,0,0,0,0
2024-12-26 05:15,2,2,0,0,0,0
2024-12-26 05:30,1,1,0,0,0,0
2024-12-26 05:45,1,0,1,0,0,0
2024-12-26 06:00,0,0,0,0,0,0
2024-12-26 06:15,4,3,1,0,0,0
2024-12-26 06:30,2,1,1,0,0,0
2024-12-26 06:45,1,1,0,0,0,0
2024-12-26 07:00,0,0,0,0,0,0
2024-12-26 07:15,1,1,0,0,0,0
2024-12-26 07:30,1,0,1,0,0,0
2024-12-26 07:45,4,3,1,0,0,0
2024-12-26 08:00,2,1,1,0,0,0
2024-12-26 08:15,1,0,1,0,0,0
2024-12-26 08:30,3,2,1,0,0,0
2024-12-26 08:45,3,1,2,0,0,0
2024-12-26 09:00,2,1,1,0,0,0
2024-12-26 09:15,2,1,1,0,0,0
2024-12-26 09:30,7,7,0,0,0,0
2024-12-26 09:45,9,6,3,0,0,0
2024-12-26 10:00,4,3,1,0,0,0
2024-12-26 10:15,12,4,8,0,0,0
2024-12-26 10:30,8,4,4,0,0,0
2024-12-26 10:45,5,2,3,0,0,0
2024-12-26 11:00,7,5,2,0,0,0
2024-12-26 11:15,10,6,4,0,0,0
2024-12-26 11:30,12,3,9,0,0,0
2024-12-26 11:45,17,2,15,0,0,0
2024-12-26 12:00,2,2,0,0,0,0
2024-12-26 12:15,20,9,11,0,0,0
2024-12-26 12:30,14,6,8,0,0,0
2024-12-26 12:45,9,5,4,0,0,0
2024-12-26 13:00,9,8,1,0,0,0
2024-12-26 13:15,17,7,10,0,0,0
2024-12-26 13:30,13,4,9,0,0,0
2024-12-26 13:45,9,0,9,0,0,0
2024-12-26 14:00,18,10,8,0,0,0
2024-12-26 14:15,24,15,9,0,0,0
2024-12-26 14:30,27,19,8,0,0,0
2024-12-26 14:45,16,5,11,0,0,0
2024-12-26 15:00,14,4,10,0,0,0
2024-12-26 15:15,13,8,5,0,0,0
2024-12-26 15:30,19,11,8,0,0,0
2024-12-26 15:45,15,12,3,0,0,0
2024-12-26 16:00,9,8,1,0,0,0
2024-12-26 16:15,8,6,2,0,0,0
2024-12-26 16:30,17,10,7,0,0,0
2024-12-26 16:45,9,3,6,0,0,0
2024-12-26 17:00,21,11,10,0,0,0
2024-12-26 17:15,15,11,4,0,0,0
2024-12-26 17:30,15,6,9,0,0,0
2024-12-26 17:45,10,2,8,0,0,0
2024-12-26 18:00,8,6,2,0,0,0
2024-12-26 18:15,11,5,6,0,0,0
2024-12-26 18:30,3,1,2,0,0,0
2024-12-26 18:45,13,9,4,0,0,0
2024-12-26 19:00,5,2,3,0,0,0
2024-12-26 19:15,8,1,7,0,0,0
2024-12-26 19:30,9,5,4,0,0,0
2024-12-26 19:45,2,0,2,0,0,0
2024-12-26 20:00,10,7,3,0,0,0
2024-12-26 20:15,4,2,2,0,0,0
2024-12-26 20:30,14,8,6,0,0,0
2024-12-26 20:45,8,4,4,0,0,0
2024-12-26 21:00,6,6,0,0,0,0
2024-12-26 21:15,4,3,1,0,0,0
2024-12-26 21:30,9,5,4,0,0,0
2024-12-26 21:45,10,5,5,0,0,0
2024-12-26 22:00,6,5,1,0,0,0
2024-12-26 22:15,3,3,0,0,0,0
2024-12-26 22:30,7,4,3,0,0,0
2024-12-26 22:45,2,1,1,0,0,0
2024-12-26 23:00,4,2,2,0,0,0
2024-12-26 23:15,2,2,0,0,0,0
2024-12-26 23:30,1,1,0,0,0,0
2024-12-26 23:45,1,0,1,0,0,0
2024-12-27 00:00,4,3,1,0,0,0
2024-12-27 00:15,1,0,1,0,0,0
2024-12-27 00:30,3,0,3,0,0,0
2024-12-27 00:45,10,3,7,0,0,0
2024-12-27 01:00,1,0,1,0,0,0
2024-12-27 01:15,5,1,4,0,0,0
2024-12-27 01:30,2,0,2,0,0,0
2024-12-27 01:45,3,1,2,0,0,0
2024-12-27 02:00,1,0,1,0,0,0
2024-12-27 02:15,0,0,0,0,0,0
2024-12-27 02:30,3,2,1,0,0,0
2024-12-27 02:45,3,0,3,0,0,0
2024-12-27 03:00,1,1,0,0,0,0
2024-12-27 03:15,1,0,1,0,0,0
2024-12-27 03:30,0,0,0,0,0,0
2024-12-27 03:45,0,0,0,0,0,0
2024-12-27 04:00,1,0,1,0,0,0
2024-12-27 04:15,2,2,0,0,0,0
2024-12-27 04:30,3,0,3,0,0,0
2024-12-27 04:45,5,0,5,0,0,0
2024-12-27 05:00,3,2,1,0,0,0
2024-12-27 05:15,5,1,4,0,0,0
2024-12-27 05:30,5,2,3,0,0,0
2024-12-27 05:45,11,3,8,0,0,0
2024-12-27 06:00,3,1,2,0,0,0
2024-12-27 06:15,8,5,3,0,0,0
2024-12-27 06:30,22,12,10,0,0,0
2024-12-27 06:45,10,5,5,0,0,0
2024-12-27 07:00,9,7,2,0,0,0
2024-12-27 07:15,17,15,2,0,0,0
2024-12-27 07:30,22,15,7,0,0,0
2024-12-27 07:45,21,14,7,0,0,0
2024-12-27 08:00,21,12,9,0,0,0
2024-12-27 08:15,14,12,2,0,0,0
2024-12-27 08:30,19,15,4,0,0,0
2024-12-27 08:45,12,10,2,0,0,0
2024-12-27 09:00,17,11,6,0,0,0
2024-12-27 09:15,11,3,8,0,0,0
2024-12-27 09:30,24,17,7,0,0,0
2024-12-27 09:45,24,19,5,0,0,0
2024-12-27 10:00,20,16,4,0,0,0
2024-12-27 10:15,19,13,6,0,0,0
2024-12-27 10:30,26,19,7,0,0,0
2024-12-27 10:45,25,14,11,0,0,0
2024-12-27 11:00,25,20,5,0,0,0
2024-12-27 11:15,22,9,13,0,0,0
2024-12-27 11:30,24,10,14,0,0,0
2024-12-27 11:45,29,10,19,0,0,0
2024-12-27 12:00,39,21,18,0,0,0
2024-12-27 12:15,27,20,7,0,0,0
2024-12-27 12:30,29,15,14,0,0,0
2024-12-27 12:45,27,14,13,0,0,0
2024-12-27 13:00,33,13,20,0,0,0
2024-12-27 13:15,28,9,19,0,0,0
2024-12-27 13:30,31,10,21,0,0,0
2024-12-27 13:45,44,26,18,0,0,0
2024-12-27 14:00,23,11,12,0,0,0
2024-12-27 14:15,46,23,23,0,0,0
2024-12-27 14:30,36,16,20,0,0,0
2024-12-27 14:45,34,21,13,0,0,0
2024-12-27 15:00,35,16,19,0,0,0
2024-12-27 15:15,32,14,18,0,0,0
2024-12-27 15:30,39,20,19,0,0,0
2024-12-27 15:45,46,18,28,0,0,0
2024-12-27 16:00,32,16,16,0,0,0
2024-12-27 16:15,32,17,15,0,0,0
2024-12-27 16:30,33,20,13,0,0,0
2024-12-27 16:45,38,15,23,0,0,0
2024-12-27 17:00,27,5,22,0,0,0
2024-12-27 17:15,16,6,10,0,0,0
2024-12-27 17:30,24,6,18,0,0,0
2024-12-27 17:45,30,12,18,0,0,0
2024-12-27 18:00,18,8,10,0,0,0
2024-12-27 18:15,25,12,13,0,0,0
2024-12-27 18:30,12,4,8,0,0,0
2024-12-27 18:45,23,10,13,0,0,0
2024-12-27 19:00,23,12,11,0,0,0
2024-12-27 19:15,15,9,6,0,0,0
2024-12-27 19:30,17,10,7,0,0,0
2024-12-27 19:45,11,7,4,0,0,0
2024-12-27 20:00,12,7,5,0,0,0
2024-12-27 20:15,14,7,7,0,0,0
2024-12-27 20:30,6,2,4,0,0,0
2024-12-27 20:45,9,6,3,0,0,0
2024-12-27 21:00,13,3,10,0,0,0
2024-12-27 21:15,6,2,4,0,0,0
2024-12-27 21:30,9,4,5,0,0,0
2024-12-27 21:45,6,3,3,0,0,0
2024-12-27 22:00,10,8,2,0,0,0
2024-12-27 22:15,9,2,7,0,0,0
2024-12-27 22:30,8,2,6,0,0,0
2024-12-27 22:45,3,1,2,0,0,0
2024-12-27 23:00,6,3,3,0,0,0
2024-12-27 23:15,12,3,9,0,0,0
2024-12-27 23:30,5,1,4,0,0,0
2024-12-27 23:45,3,0,3,0,0,0
2024-12-28 00:00,3,1,2,0,0,0
2024-12-28 00:15,7,0,7,0,0,0
2024-12-28 00:30,5,2,3,0,0,0
2024-12-28 00:45,2,0,2,0,0,0
2024-12-28 01:00,7,0,7,0,0,0
2024-12-28 01:15,3,0,3,0,0,0
2024-12-28 01:30,3,2,1,0,0,0
2024-12-28 01:45,3,0,3,0,0,0
2024-12-28 02:00,2,1,1,0,0,0
2024-12-28 02:15,1,0,1,0,0,0
2024-12-28 02:30,3,0,3,0,0,0
2024-12-28 02:45,1,1,0,0,0,0
2024-12-28 03:00,0,0,0,0,0,0
2024-12-28 03:15,2,0,2,0,0,0
2024-12-28 03:30,4,3,1,0,0,0
2024-12-28 03:45,1,1,0,0,0,0
2024-12-28 04:00,0,0,0,0,0,0
2024-12-28 04:15,2,1,1,0,0,0
2024-12-28 04:30,0,0,0,0,0,0
2024-12-28 04:45,0,0,0,0,0,0
2024-12-28 05:00,4,0,4,0,0,0
2024-12-28 05:15,1,0,1,0,0,0
2024-12-28 05:30,4,1,3,0,0,0
2024-12-28 05:45,3,3,0,0,0,0
2024-12-28 06:00,3,1,2,0,0,0
2024-12-28 06:15,5,2,3,0,0,0
2024-12-28 06:30,13,8,5,0,0,0
2024-12-28 06:45,4,0,4,0,0,0
2024-12-28 07:00,4,0,4,0,0,0
2024-12-28 07:15,2,0,2,0,0,0
2024-12-28 07:30,4,2,2,0,0,0
2024-12-28 07:45,2,1,1,0,0,0
2024-12-28 08:00,4,2,2,0,0,0
2024-12-28 08:15,15,7,8,0,0,0
2024-12-28 08:30,10,5,5,0,0,0
2024-12-28 08:45,8,6,2,0,0,0
2024-12-28 09:00,20,12,8,0,0,0
2024-12-28 09:15,11,9,2,0,0,0
2024-12-28 09:30,15,10,5,0,0,0
2024-12-28 09:45,32,26,6,0,0,0
2024-12-28 10:00,23,13,10,0,0,0
2024-12-28 10:15,21,14,7,0,0,0
2024-12-28 10:30,24,17,7,0,0,0
2024-12-28 10:45,35,24,11,0,0,0
2024-12-28 11:00,44,16,28,0,0,0
2024-12-28 11:15,33,27,6,0,0,0
2024-12-28 11:30,30,25,5,0,0,0
2024-12-28 11:45,49,22,27,0,0,0
2024-12-28 12:00,41,28,13,0,0,0
2024-12-28 12:15,43,26,17,0,0,0
2024-12-28 12:30,33,18,15,0,0,0
2024-12-28 12:45,42,27,15,0,0,0
2024-12-28 13:00,51,28,23,0,0,0
2024-12-28 13:15,47,20,27,0,0,0
2024-12-28 13:30,61,32,29,0,0,0
2024-12-28 13:45,58,35,23,0,0,0
2024-12-28 14:00,30,15,15,0,0,0
2024-12-28 14:15,42,21,21,0,0,0
2024-12-28 14:30,48,18,30,0,0,0
2024-12-28 14:45,35,11,24,0,0,0
2024-12-28 15:00,46,11,35,0,0,0
2024-12-28 15:15,41,16,25,0,0,0
2024-12-28 15:30,36,19,17,0,0,0
2024-12-28 15:45,56,25,31,0,0,0
2024-12-28 16:00,29,11,18,0,0,0
2024-12-28 16:15,49,18,31,0,0,0
2024-12-28 16:30,33,12,21,0,0,0
2024-12-28 16:45,39,14,25,0,0,0
2024-12-28 17:00,38,16,22,0,0,0
2024-12-28 17:15,31,18,13,0,0,0
2024-12-28 17:30,35,15,20,0,0,0
2024-12-28 17:45,17,13,4,0,0,0
2024-12-28 18:00,22,13,9,0,0,0
2024-12-28 18:15,24,11,13,0,0,0
2024-12-28 18:30,14,5,9,0,0,0
2024-12-28 18:45,27,15,12,0,0,0
2024-12-28 19:00,27,6,21,0,0,0
2024-12-28 19:15,15,5,10,0,0,0
2024-12-28 19:30,12,8,4,0,0,0
2024-12-28 19:45,16,8,8,0,0,0
2024-12-28 20:00,15,6,9,0,0,0
2024-12-28 20:15,21,11,10,0,0,0
2024-12-28 20:30,8,6,2,0,0,0
2024-12-28 20:45,8,3,5,0,0,0
2024-12-28 21:00,15,10,5,0,0,0
2024-12-28 21:15,6,3,3,0,0,0
2024-12-28 21:30,7,4,3,0,0,0
2024-12-28 21:45,9,4,5,0,0,0
2024-12-28 22:00,10,2,8,0,0,0
2024-12-28 22:15,2,2,0,0,0,0
2024-12-28 22:30,10,1,9,0,0,0
2024-12-28 22:45,8,2,6,0,0,0
2024-12-28 23:00,3,0,3,0,0,0
2024-12-28 23:15,3,0,3,0,0,0
2024-12-28 23:30,7,4,3,0,0,0
2024-12-28 23:45,8,3,5,0,0,0
2024-12-29 00:00,7,2,5,0,0,0
2024-12-29 00:15,6,3,3,0,0,0
2024-12-29 00:30,6,1,5,0,0,0
2024-12-29 00:45,6,2,4,0,0,0
2024-12-29 01:00,6,1,5,0,0,0
2024-12-29 01:15,13,3,10,0,0,0
2024-12-29 01:30,5,0,5,0,0,0
2024-12-29 01:45,4,1,3,0,0,0
2024-12-29 02:00,1,1,0,0,0,0
2024-12-29 02:15,2,1,1,0,0,0
2024-12-29 02:30,4,2,2,0,0,0
2024-12-29 02:45,2,0,2,0,0,0
2024-12-29 03:00,1,0,1,0,0,0
2024-12-29 03:15,2,1,1,0,0,0
2024-12-29 03:30,1,0,1,0,0,0
2024-12-29 03:45,1,0,1,0,0,0
2024-12-29 04:00,0,0,0,0,0,0
2024-12-29 04:15,1,0,1,0,0,0
2024-12-29 04:30,0,0,0,0,0,0
2024-12-29 04:45,0,0,0,0,0,0
2024-12-29 05:00,2,1,1,0,0,0
2024-12-29 05:15,1,1,0,0,0,0
2024-12-29 05:30,0,0,0,0,0,0
2024-12-29 05:45,1,1,0,0,0,0
2024-12-29 06:00,1,0,1,0,0,0
2024-12-29 06:15,2,1,1,0,0,0
2024-12-29 06:30,4,2,2,0,0,0
2024-12-29 06:45,0,0,0,0,0,0
2024-12-29 07:00,1,1,0,0,0,0
2024-12-29 07:15,2,1,1,0,0,0
2024-12-29 07:30,3,1,2,0,0,0
2024-12-29 07:45,0,0,0,0,0,0
2024-12-29 08:00,0,0,0,0,0,0
2024-12-29 08:15,1,1,0,0,0,0
2024-12-29 08:30,2,2,0,0,0,0
2024-12-29 08:45,1,0,1,0,0,0
2024-12-29 09:00,6,3,3,0,0,0
2024-12-29 09:15,2,2,0,0,0,0
2024-12-29 09:30,5,4,1,0,0,0
2024-12-29 09:45,11,7,4,0,0,0
2024-12-29 10:00,5,5,0,0,0,0
2024-12-29 10:15,6,2,4,0,0,0
2024-12-29 10:30,10,9,1,0,0,0
2024-12-29 10:45,11,7,4,0,0,0
2024-12-29 11:00,10,7,3,0,0,0
2024-12-29 11:15,10,9,1,0,0,0
2024-12-29 11:30,9,5,4,0,0,0
2024-12-29 11:45,13,8,5,0,0,0
2024-12-29 12:00,4,1,3,0,0,0
2024-12-29 12:15,12,4,8,0,0,0
2024-12-29 12:30,4,2,2,0,0,0
2024-12-29 12:45,6,2,4,0,0,0
2024-12-29 13:00,19,12,7,0,0,0
2024-12-29 13:15,13,11,2,0,0,0
2024-12-29 13:30,18,9,9,0,0,0
2024-12-29 13:45,17,8,9,0,0,0
2024-12-29 14:00,10,4,6,0,0,0
2024-12-29 14:15,19,15,4,0,0,0
2024-12-29 14:30,12,6,6,0,0,0
2024-12-29 14:45,21,17,4,0,0,0
2024-12-29 15:00,9,6,3,0,0,0
2024-12-29 15:15,20,8,12,0,0,0
2024-12-29 15:30,15,5,10,0,0,0
2024-12-29 15:45,14,10,4,0,0,0
2024-12-29 16:00,16,10,6,0,0,0
2024-12-29 16:15,14,6,8,0,0,0
2024-12-29 16:30,9,5,4,0,0,0
2024-12-29 16:45,8,3,5,0,0,0
2024-12-29 17:00,6,3,3,0,0,0
2024-12-29 17:15,13,4,9,0,0,0
2024-12-29 17:30,13,5,8,0,0,0
2024-12-29 17:45,24,8,16,0,0,0
2024-12-29 18:00,10,8,2,0,0,0
2024-12-29 18:15,17,12,5,0,0,0
2024-12-29 18:30,13,6,7,0,0,0
2024-12-29 18:45,11,6,5,0,0,0
2024-12-29 19:00,6,2,4,0,0,0
2024-12-29 19:15,6,1,5,0,0,0
2024-12-29 19:30,13,7,6,0,0,0
2024-12-29 19:45,7,2,5,0,0,0
2024-12-29 20:00,5,2,3,0,0,0
2024-12-29 20:15,6,0,6,0,0,0
2024-12-29 20:30,8,4,4,0,0,0
2024-12-29 20:45,6,3,3,0,0,0
2024-12-29 21:00,7,0,7,0,0,0
2024-12-29 21:15,6,1,5,0,0,0
2024-12-29 21:30,10,3,7,0,0,0
2024-12-29 21:45,6,4,2,0,0,0
2024-12-29 22:00,1,0,1,0,0,0
2024-12-29 22:15,10,3,7,0,0,0
2024-12-29 22:30,3,1,2,0,0,0
2024-12-29 22:45,2,1,1,0,0,0
2024-12-29 23:00,6,2,4,0,0,0
2024-12-29 23:15,8,0,8,0,0,0
2024-12-29 23:30,6,2,4,0,0,0
2024-12-29 23:45,2,1,1,0,0,0
2024-12-30 00:00,1,0,1,0,0,0
2024-12-30 00:15,2,0,2,0,0,0
2024-12-30 00:30,4,2,2,0,0,0
2024-12-30 00:45,3,1,2,0,0,0
2024-12-30 01:00,1,0,1,0,0,0
2024-12-30 01:15,2,1,1,0,0,0
2024-12-30 01:30,1,1,0,0,0,0
2024-12-30 01:45,7,3,4,0,0,0
2024-12-30 02:00,1,1,0,0,0,0
2024-12-30 02:15,0,0,0,0,0,0
2024-12-30 02:30,1,0,1,0,0,0
2024-12-30 02:45,0,0,0,0,0,0
2024-12-30 03:00,1,0,1,0,0,0
2024-12-30 03:15,0,0,0,0,0,0
2024-12-30 03:30,2,1,1,0,0,0
2024-12-30 03:45,1,0,1,0,0,0
2024-12-30 04:00,1,1,0,0,0,0
2024-12-30 04:15,1,1,0,0,0,0
2024-12-30 04:30,0,0,0,0,0,0
2024-12-30 04:45,1,0,1,0,0,0
2024-12-30 05:00,2,0,2,0,0,0
2024-12-30 05:15,4,1,3,0,0,0
2024-12-30 05:30,6,1,5,0,0,0
2024-12-30 05:45,7,5,2,0,0,0
2024-12-30 06:00,1,1,0,0,0,0
2024-12-30 06:15,13,7,6,0,0,0
2024-12-30 06:30,16,9,7,0,0,0
2024-12-30 06:45,16,11,5,0,0,0
2024-12-30 07:00,13,12,1,0,0,0
2024-12-30 07:15,19,12,7,0,0,0
2024-12-30 07:30,24,18,6,0,0,0
2024-12-30 07:45,21,16,5,0,0,0
2024-12-30 08:00,17,11,6,0,0,0
2024-12-30 08:15,25,19,6,0,0,0
2024-12-30 08:30,17,11,6,0,0,0
2024-12-30 08:45,18,10,8,0,0,0
2024-12-30 09:00,23,17,6,0,0,0
2024-12-30 09:15,19,12,7,0,0,0
2024-12-30 09:30,18,13,5,0,0,0
2024-12-30 09:45,29,13,16,0,0,0
2024-12-30 10:00,34,25,9,0,0,0
2024-12-30 10:15,29,20,9,0,0,0
2024-12-30 10:30,23,13,10,0,0,0
2024-12-30 10:45,31,21,10,0,0,0
2024-12-30 11:00,18,11,7,0,0,0
2024-12-30 11:15,32,16,16,0,0,0
2024-12-30 11:30,40,26,14,0,0,0
2024-12-30 11:45,27,14,13,0,0,0
2024-12-30 12:00,21,8,13,0,0,0
2024-12-30 12:15,27,12,15,0,0,0
2024-12-30 12:30,23,8,15,0,0,0
2024-12-30 12:45,34,21,13,0,0,0
2024-12-30 13:00,40,19,21,0,0,0
2024-12-30 13:15,42,24,18,0,0,0
2024-12-30 13:30,27,13,14,0,0,0
2024-12-30 13:45,42,16,26,0,0,0
2024-12-30 14:00,27,10,17,0,0,0
2024-12-30 14:15,49,24,25,0,0,0
2024-12-30 14:30,44,20,24,0,0,0
2024-12-30 14:45,41,20,21,0,0,0
2024-12-30 15:00,41,26,15,0,0,0
2024-12-30 15:15,29,13,16,0,0,0
2024-12-30 15:30,36,18,18,0,0,0
2024-12-30 15:45,37,13,24,0,0,0
2024-12-30 16:00,27,10,17,0,0,0
2024-12-30 16:15,23,10,13,0,0,0
2024-12-30 16:30,40,20,20,0,0,0
2024-12-30 16:45,24,10,14,0,0,0
2024-12-30 17:00,34,16,18,0,0,0
2024-12-30 17:15,41,17,24,0,0,0
2024-12-30 17:30,29,6,23,0,0,0
2024-12-30 17:45,27,17,10,0,0,0
2024-12-30 18:00,23,9,14,0,0,0
2024-12-30 18:15,33,10,23,0,0,0
2024-12-30 18:30,20,10,10,0,0,0
2024-12-30 18:45,19,10,9,0,0,0
2024-12-30 19:00,15,4,11,0,0,0
2024-12-30 19:15,29,11,18,0,0,0
2024-12-30 19:30,13,4,9,0,0,0
2024-12-30 19:45,21,9,12,0,0,0
2024-12-30 20:00,13,6,7,0,0,0
2024-12-30 20:15,12,5,7,0,0,0
2024-12-30 20:30,14,5,9,0,0,0
2024-12-30 20:45,9,3,6,0,0,0
2024-12-30 21:00,8,7,1,0,0,0
2024-12-30 21:15,13,8,5,0,0,0
2024-12-30 21:30,8,3,5,0,0,0
2024-12-30 21:45,3,0,3,0,0,0
2024-12-30 22:00,6,2,4,0,0,0
2024-12-30 22:15,6,5,1,0,0,0
2024-12-30 22:30,5,2,3,0,0,0
2024-12-30 22:45,4,2,2,0,0,0
2024-12-30 23:00,4,0,4,0,0,0
2024-12-30 23:15,9,3,6,0,0,0
2024-12-30 23:30,13,4,9,0,0,0
2024-12-30 23:45,5,2,3,0,0,0
